Year,Week,Need State,Dc Amount,Store Amt On Hand,Date,Amount_Factory_POS,Amount_Total_Ecomm_POS,Amount_Total_Sales,Amount_Total_Trade_Spend
2021,1,Need State 1,1445929.5,3667244.25,2021-01-04,317435.25,3426.75,132818.25,5552.0
2021,1,Need State 2,2405549.25,2784957.75,2021-01-04,410931.0,12698.25,251858.25,14264.0
2021,1,Need State 3,1618319.25,3838764.0,2021-01-04,355992.75,11279.25,209473.5,1563.0
2021,1,Need State 4,1271980.5,1893348.0,2021-01-04,451255.5,16803.0,373678.5,18716.0
2021,1,Need State 5,601577.25,1055337.75,2021-01-04,15795.0,285.75,246819.75,5075.0
2021,1,Need State 6,1708055.25,2678521.5,2021-01-04,457623.75,6226.5,402544.5,10457.0
2021,2,Need State 1,1615275.0,3622755.0,2021-01-11,309234.75,4221.75,395708.25,18939.0
2021,2,Need State 2,2256024.75,2885244.0,2021-01-11,447469.5,18210.0,510633.75,12329.0
2021,2,Need State 3,1780801.5,3921396.0,2021-01-11,432966.0,9659.25,683112.0,8658.0
2021,2,Need State 4,1625886.75,1880787.75,2021-01-11,472152.75,16849.5,597628.5,8069.0
2021,2,Need State 5,601776.75,1049389.5,2021-01-11,11154.75,276.0,465099.75,11307.0
2021,2,Need State 6,2044693.5,2697240.0,2021-01-11,452605.5,7128.75,402544.5,10457.0
2021,3,Need State 1,1389862.5,3573918.75,2021-01-18,331149.0,2959.5,207779.25,11346.0
2021,3,Need State 2,2183392.5,2834505.0,2021-01-18,471435.0,12725.25,525278.25,6351.0
2021,3,Need State 3,1665248.25,3816876.75,2021-01-18,325530.0,11369.25,627825.75,4032.0
2021,3,Need State 4,1413519.0,1885237.5,2021-01-18,465115.5,14108.25,300238.5,3128.0
2021,3,Need State 5,670983.0,1050538.5,2021-01-18,10549.5,237.75,548790.75,6585.0
2021,3,Need State 6,1730494.5,2782791.75,2021-01-18,519924.75,6423.75,402544.5,10457.0
2021,4,Need State 1,1111251.0,3528955.5,2021-01-25,291885.0,3402.75,323169.75,4801.0
2021,4,Need State 2,2095967.25,2806603.5,2021-01-25,427167.0,19290.75,480166.5,14715.0
2021,4,Need State 3,1928427.0,3752643.75,2021-01-25,409405.5,8376.0,318566.25,13935.0
2021,4,Need State 4,1116680.25,1901020.5,2021-01-25,401831.25,20616.0,319001.25,9324.0
2021,4,Need State 5,624003.0,1042530.0,2021-01-25,10443.0,433.5,553418.25,6835.0
2021,4,Need State 6,1720944.0,2761587.75,2021-01-25,452333.25,6801.0,402544.5,10457.0
2021,5,Need State 1,1040040.75,3538705.5,2021-02-01,308238.0,3440.25,71536.5,17470.0
2021,5,Need State 2,2057765.25,2907480.75,2021-02-01,529465.5,12869.25,304409.25,16092.0
2021,5,Need State 3,2176682.25,3815256.0,2021-02-01,313095.75,9748.5,439665.0,13601.0
2021,5,Need State 4,1160288.25,1926643.5,2021-02-01,501825.75,13823.25,433508.25,5460.0
2021,5,Need State 5,602572.5,1041183.75,2021-02-01,12430.5,233.25,323542.5,11902.0
2021,5,Need State 6,1670751.0,2876609.25,2021-02-01,498557.25,6545.25,402544.5,10457.0
2021,6,Need State 1,1281405.0,3591575.25,2021-02-08,267614.25,2619.0,980441.25,17691.0
2021,6,Need State 2,1956306.0,2807937.75,2021-02-08,417973.5,14770.5,460572.0,14668.0
2021,6,Need State 3,1809162.75,3892614.0,2021-02-08,402543.75,7694.25,445863.75,4685.0
2021,6,Need State 4,1132392.0,1824061.5,2021-02-08,423258.0,13392.75,640492.5,11836.0
2021,6,Need State 5,588169.5,1036358.25,2021-02-08,12349.5,370.5,524925.0,11129.0
2021,6,Need State 6,1604854.5,2802006.75,2021-02-08,419428.5,5718.0,402544.5,10457.0
2021,7,Need State 1,1516268.25,3553807.5,2021-02-15,277594.5,3240.75,316326.0,14269.0
2021,7,Need State 2,1975357.5,2782643.25,2021-02-15,470085.0,13758.0,283466.25,13585.0
2021,7,Need State 3,1624469.25,3899664.75,2021-02-15,288683.25,12636.0,334146.75,7471.0
2021,7,Need State 4,1035630.0,1908308.25,2021-02-15,420210.75,14490.0,448128.0,16856.0
2021,7,Need State 5,706590.0,1037391.0,2021-02-15,19611.75,315.75,462306.75,1892.0
2021,7,Need State 6,1789930.5,2801581.5,2021-02-15,453241.5,7878.0,402544.5,10457.0
2021,8,Need State 1,1982263.5,3485017.5,2021-02-22,288708.0,3461.25,480405.0,9444.0
2021,8,Need State 2,1883883.0,2722957.5,2021-02-22,469544.25,14404.5,419211.0,3618.0
2021,8,Need State 3,1660566.75,3981648.75,2021-02-22,522767.25,8955.0,332299.5,10188.0
2021,8,Need State 4,1157476.5,1891306.5,2021-02-22,457369.5,13727.25,412890.0,2027.0
2021,8,Need State 5,859293.75,1026291.0,2021-02-22,14553.75,551.25,509691.75,9102.0
2021,8,Need State 6,1838221.5,2752755.75,2021-02-22,442299.75,6035.25,402544.5,10457.0
2021,9,Need State 1,2972025.75,3438627.75,2021-03-01,305426.25,3045.0,1341342.75,18934.0
2021,9,Need State 2,1716895.5,2775000.0,2021-03-01,441350.25,10047.75,321424.5,8769.0
2021,9,Need State 3,1558020.0,4303237.5,2021-03-01,327960.0,8427.75,345800.25,12082.0
2021,9,Need State 4,1084067.25,2020867.5,2021-03-01,441514.5,11023.5,331031.25,10457.0
2021,9,Need State 5,646471.5,1039451.25,2021-03-01,18550.5,675.75,224058.75,3859.0
2021,9,Need State 6,1663448.25,2758235.25,2021-03-01,481197.75,5799.0,402544.5,10457.0
2021,10,Need State 1,3278752.5,3430857.0,2021-03-08,366468.75,3942.75,2721590.25,2801.0
2021,10,Need State 2,1609705.5,2792142.75,2021-03-08,413960.25,12971.25,285894.0,3207.0
2021,10,Need State 3,1596435.75,4378400.25,2021-03-08,429768.0,9404.25,399765.0,18363.0
2021,10,Need State 4,1027109.25,1942113.75,2021-03-08,361330.5,12563.25,461514.75,6693.0
2021,10,Need State 5,949260.0,1180793.25,2021-03-08,40655.25,995.25,420538.5,17165.0
2021,10,Need State 6,1460872.5,2725902.0,2021-03-08,433210.5,5229.0,402544.5,10457.0
2021,11,Need State 1,2863174.5,3518499.0,2021-03-15,411339.0,4527.0,808580.25,19615.0
2021,11,Need State 2,1558604.25,2819067.0,2021-03-15,472459.5,10590.75,389976.0,14429.0
2021,11,Need State 3,1510045.5,4256257.5,2021-03-15,333696.0,9249.0,251854.5,14061.0
2021,11,Need State 4,991081.5,2029211.25,2021-03-15,431964.0,12119.25,388106.25,12707.0
2021,11,Need State 5,1119555.0,1426484.25,2021-03-15,37981.5,1776.75,287581.5,12794.0
2021,11,Need State 6,1290471.75,2750638.5,2021-03-15,437310.0,5707.5,402544.5,10457.0
2021,12,Need State 1,3563919.0,3594399.75,2021-03-22,474183.0,5049.75,462552.0,16911.0
2021,12,Need State 2,1541204.25,2773255.5,2021-03-22,390435.0,10084.5,357771.0,14734.0
2021,12,Need State 3,1526031.0,4255254.75,2021-03-22,425903.25,7868.25,462864.75,1112.0
2021,12,Need State 4,1170124.5,1970055.0,2021-03-22,362648.25,12805.5,476425.5,11113.0
2021,12,Need State 5,621969.75,1440278.25,2021-03-22,71428.5,2505.0,660348.75,11245.0
2021,12,Need State 6,1349546.25,2640159.75,2021-03-22,451910.25,6843.0,402544.5,10457.0
2021,13,Need State 1,4798523.25,5535069.0,2021-03-29,600133.5,5021.25,1345166.25,18526.0
2021,13,Need State 2,1620745.5,2756580.75,2021-03-29,395699.25,9434.25,275889.75,12858.0
2021,13,Need State 3,1521311.25,4215314.25,2021-03-29,313379.25,10521.0,264009.75,8896.0
2021,13,Need State 4,1090771.5,2062767.0,2021-03-29,473433.75,11544.0,488613.75,19987.0
2021,13,Need State 5,1147593.75,2117340.75,2021-03-29,100258.5,3737.25,864904.5,11247.0
2021,13,Need State 6,1788789.75,2740664.25,2021-03-29,513787.5,5844.75,402544.5,10457.0
2021,14,Need State 1,4489884.75,5355290.25,2021-04-05,563619.75,7921.5,1344056.25,14089.0
2021,14,Need State 2,1702234.5,2634107.25,2021-04-05,356919.0,14040.75,354687.0,2154.0
2021,14,Need State 3,1799645.25,4080860.25,2021-04-05,467704.5,12336.75,588178.5,8948.0
2021,14,Need State 4,1130388.75,1922370.0,2021-04-05,434118.0,14825.25,475796.25,12160.0
2021,14,Need State 5,1384758.75,2920119.0,2021-04-05,134664.75,6728.25,992937.0,3154.0
2021,14,Need State 6,1537236.75,2673381.0,2021-04-05,452303.25,8559.75,402544.5,10457.0
2021,15,Need State 1,4716588.75,5397090.0,2021-04-12,744040.5,8265.0,780374.25,15228.0
2021,15,Need State 2,1548697.5,2652678.75,2021-04-12,445212.75,15936.0,328035.75,6502.0
2021,15,Need State 3,1619382.75,4038381.0,2021-04-12,350557.5,11125.5,463776.75,754.0
2021,15,Need State 4,1009769.25,1968021.75,2021-04-12,470531.25,22781.25,357441.75,3649.0
2021,15,Need State 5,1538060.25,3106954.5,2021-04-12,357144.75,6337.5,555201.75,6693.0
2021,15,Need State 6,1681434.0,2840211.75,2021-04-12,575215.5,7908.75,402544.5,10457.0
2021,16,Need State 1,4819831.5,5164899.0,2021-04-19,591930.75,9694.5,416756.25,4908.0
2021,16,Need State 2,1391682.0,2637725.25,2021-04-19,422745.0,15492.0,259767.75,18712.0
2021,16,Need State 3,1660808.25,4025804.25,2021-04-19,410649.0,11022.75,327388.5,12105.0
2021,16,Need State 4,1048158.0,1994679.0,2021-04-19,602490.0,14601.0,518808.0,17704.0
2021,16,Need State 5,1767557.25,2933437.5,2021-04-19,191838.0,8767.5,324018.75,14309.0
2021,16,Need State 6,1744170.0,2925371.25,2021-04-19,502910.25,10527.0,402544.5,10457.0
2021,17,Need State 1,4738584.0,5607678.0,2021-04-26,812364.0,9465.75,783196.5,4569.0
2021,17,Need State 2,1275079.5,2596359.0,2021-04-26,454966.5,12170.25,290293.5,17405.0
2021,17,Need State 3,1560168.75,4114212.75,2021-04-26,338541.0,12348.75,212003.25,14193.0
2021,17,Need State 4,1045552.5,1839399.75,2021-04-26,451764.75,13516.5,343884.0,9250.0
2021,17,Need State 5,1871906.25,2954375.25,2021-04-26,237999.75,7281.0,407784.75,1355.0
2021,17,Need State 6,1576297.5,3272585.25,2021-04-26,578840.25,11718.0,402544.5,10457.0
2021,18,Need State 1,4768413.75,5416505.25,2021-05-03,669479.25,9294.0,964353.75,18710.0
2021,18,Need State 2,1146483.75,2548607.25,2021-05-03,400087.5,14530.5,319240.5,18213.0
2021,18,Need State 3,1455246.0,3989791.5,2021-05-03,502823.25,9120.0,289918.5,3326.0
2021,18,Need State 4,1046663.25,1922343.0,2021-05-03,399734.25,14590.5,460024.5,7357.0
2021,18,Need State 5,2165765.25,2860964.25,2021-05-03,139817.25,13542.0,588853.5,7916.0
2021,18,Need State 6,1479793.5,3137842.5,2021-05-03,543561.75,11941.5,402544.5,10457.0
2021,19,Need State 1,4185400.5,5377881.0,2021-05-10,764657.25,11571.0,644009.25,14480.0
2021,19,Need State 2,1050811.5,2477178.75,2021-05-10,432171.0,11547.0,261920.25,6551.0
2021,19,Need State 3,1371755.25,3961887.75,2021-05-10,314199.0,13093.5,229689.0,3272.0
2021,19,Need State 4,975624.0,1894047.75,2021-05-10,428429.25,12529.5,368431.5,19032.0
2021,19,Need State 5,2000991.0,2879776.5,2021-05-10,312561.0,17999.25,462042.75,8035.0
2021,19,Need State 6,1363840.5,3079540.5,2021-05-10,575613.0,16122.75,402544.5,10457.0
2021,20,Need State 1,3583250.25,5136009.0,2021-05-17,1016664.75,10518.0,210880.5,2993.0
2021,20,Need State 2,868528.5,2407791.0,2021-05-17,393274.5,12012.0,271785.0,15869.0
2021,20,Need State 3,1223383.5,3960268.5,2021-05-17,440163.0,10692.0,175822.5,15571.0
2021,20,Need State 4,955018.5,1817964.75,2021-05-17,382415.25,12645.0,186488.25,1948.0
2021,20,Need State 5,1685070.0,2803767.0,2021-05-17,518168.25,28365.75,437219.25,7551.0
2021,20,Need State 6,1499818.5,3003623.25,2021-05-17,589250.25,14102.25,402544.5,10457.0
2021,21,Need State 1,4222021.5,5352915.75,2021-05-24,949762.5,9945.0,572421.0,828.0
2021,21,Need State 2,967109.25,2363865.0,2021-05-24,408126.0,9823.5,516226.5,18754.0
2021,21,Need State 3,1291726.5,3856012.5,2021-05-24,329523.0,10530.0,468210.75,18291.0
2021,21,Need State 4,737964.75,1900607.25,2021-05-24,413962.5,11053.5,295438.5,1532.0
2021,21,Need State 5,1376120.25,2744557.5,2021-05-24,513900.75,16926.0,1303386.0,12636.0
2021,21,Need State 6,1743870.75,2911711.5,2021-05-24,638303.25,13658.25,402544.5,10457.0
2021,22,Need State 1,3720159.75,5118456.75,2021-05-31,875752.5,8270.25,1371993.75,946.0
2021,22,Need State 2,947630.25,2310818.25,2021-05-31,381229.5,10550.25,402544.5,4772.0
2021,22,Need State 3,1263054.75,3811452.0,2021-05-31,462633.0,8646.75,401921.25,7719.0
2021,22,Need State 4,668391.0,1806172.5,2021-05-31,381732.75,12019.5,341385.75,715.0
2021,22,Need State 5,1171755.0,2728202.25,2021-05-31,394731.75,20357.25,444084.0,12621.0
2021,22,Need State 6,1767940.5,2751394.5,2021-05-31,605715.0,11581.5,402544.5,10457.0
2021,23,Need State 1,3057247.5,4931239.5,2021-06-07,885507.75,7458.75,188688.75,17402.0
2021,23,Need State 2,1008118.5,2371276.5,2021-06-07,434532.0,10377.0,389661.75,10817.0
2021,23,Need State 3,1341347.25,3720621.0,2021-06-07,317057.25,9419.25,328473.75,16464.0
2021,23,Need State 4,718674.0,1791743.25,2021-06-07,424536.75,10047.75,536329.5,4947.0
2021,23,Need State 5,1096478.25,2593535.25,2021-06-07,550308.75,12407.25,475248.0,3048.0
2021,23,Need State 6,1824477.75,2767479.0,2021-06-07,600681.75,12146.25,402544.5,10457.0
2021,24,Need State 1,2618924.25,4965363.0,2021-06-14,722193.75,5764.5,265803.0,3641.0
2021,24,Need State 2,1035546.0,2400779.25,2021-06-14,390393.0,7430.25,522888.0,15620.0
2021,24,Need State 3,1431467.25,3743088.0,2021-06-14,486275.25,6986.25,582267.75,6705.0
2021,24,Need State 4,854339.25,1786854.75,2021-06-14,403641.0,10372.5,491120.25,17088.0
2021,24,Need State 5,1051805.25,2451822.0,2021-06-14,285318.75,11602.5,424869.0,10332.0
2021,24,Need State 6,1646009.25,2780427.75,2021-06-14,569337.75,11598.75,402544.5,10457.0
2021,25,Need State 1,2493813.75,5521113.0,2021-06-21,818238.75,5799.0,582181.5,18118.0
2021,25,Need State 2,1138927.5,2421497.25,2021-06-21,369716.25,8093.25,442374.75,4547.0
2021,25,Need State 3,1583995.5,3708614.25,2021-06-21,301119.0,8842.5,697846.5,7282.0
2021,25,Need State 4,797413.5,1887614.25,2021-06-21,373848.75,9849.0,366459.75,13623.0
2021,25,Need State 5,877903.5,2425776.75,2021-06-21,431457.0,14219.25,669768.0,18355.0
2021,25,Need State 6,1826739.0,2871897.0,2021-06-21,614652.75,9384.0,402544.5,10457.0
2021,26,Need State 1,2210718.75,5171770.5,2021-06-28,693630.75,4686.75,374456.25,17749.0
2021,26,Need State 2,1111259.25,2436282.0,2021-06-28,334209.0,6697.5,371931.0,10039.0
2021,26,Need State 3,1459056.0,3845141.25,2021-06-28,487630.5,7251.75,733339.5,12591.0
2021,26,Need State 4,699206.25,1955033.25,2021-06-28,384365.25,8484.75,477507.0,16237.0
2021,26,Need State 5,732788.25,2325798.0,2021-06-28,423452.25,9683.25,816594.0,18961.0
2021,26,Need State 6,1621996.5,2766897.75,2021-06-28,608798.25,7965.75,402544.5,10457.0
2021,27,Need State 1,2800599.0,4893369.0,2021-07-05,605286.75,5145.75,744354.75,14498.0
2021,27,Need State 2,1324496.25,2417480.25,2021-07-05,343597.5,7224.0,447534.0,5031.0
2021,27,Need State 3,1745280.75,3677203.5,2021-07-05,337101.0,7355.25,622235.25,18929.0
2021,27,Need State 4,778773.75,1917724.5,2021-07-05,383634.0,9808.5,272110.5,15778.0
2021,27,Need State 5,566187.0,2216307.0,2021-07-05,359622.0,6409.5,697385.25,2200.0
2021,27,Need State 6,1546185.75,2614302.0,2021-07-05,572934.0,9339.0,402544.5,10457.0
2021,28,Need State 1,2485851.75,4834065.75,2021-07-12,593844.0,4277.25,153197.25,17004.0
2021,28,Need State 2,1349715.75,2390312.25,2021-07-12,314562.75,8355.75,430443.0,8468.0
2021,28,Need State 3,1986576.75,3783186.0,2021-07-12,444928.5,5880.0,473646.0,14973.0
2021,28,Need State 4,855797.25,1879984.5,2021-07-12,407671.5,8745.75,349866.0,10276.0
2021,28,Need State 5,634808.25,2051960.25,2021-07-12,221511.0,4857.0,506658.75,3489.0
2021,28,Need State 6,1573091.25,2653616.25,2021-07-12,634277.25,8558.25,402544.5,10457.0
2021,29,Need State 1,1875072.75,4766124.0,2021-07-19,559867.5,3400.5,403191.0,12332.0
2021,29,Need State 2,1154028.75,2401224.75,2021-07-19,382468.5,5889.75,351768.0,7350.0
2021,29,Need State 3,1820496.0,4290505.5,2021-07-19,313857.75,7737.75,531840.0,10813.0
2021,29,Need State 4,566878.5,2017026.0,2021-07-19,412947.0,8175.0,451622.25,9946.0
2021,29,Need State 5,569079.75,2022538.5,2021-07-19,185678.25,2762.25,442292.25,6787.0
2021,29,Need State 6,1293765.0,3060789.0,2021-07-19,580917.75,7830.0,402544.5,10457.0
2021,30,Need State 1,2189743.5,4648371.75,2021-07-26,595377.75,4156.5,566452.5,1177.0
2021,30,Need State 2,1111641.75,2396415.75,2021-07-26,307947.0,6570.75,304865.25,9963.0
2021,30,Need State 3,1806902.25,4330515.0,2021-07-26,500107.5,5929.5,177859.5,11544.0
2021,30,Need State 4,765851.25,1952043.75,2021-07-26,379473.75,8167.5,309791.25,3721.0
2021,30,Need State 5,540206.25,1928239.5,2021-07-26,114351.75,3534.75,447265.5,2717.0
2021,30,Need State 6,1313214.0,3056483.25,2021-07-26,623953.5,8070.0,402544.5,10457.0
2021,31,Need State 1,2304342.0,4475928.0,2021-08-02,547923.0,3395.25,487445.25,8009.0
2021,31,Need State 2,1312462.5,2581758.75,2021-08-02,416457.75,6599.25,542931.75,8420.0
2021,31,Need State 3,1583692.5,4288314.0,2021-08-02,313391.25,5922.75,353543.25,18165.0
2021,31,Need State 4,711614.25,1922523.75,2021-08-02,416781.0,8409.75,629710.5,1185.0
2021,31,Need State 5,496543.5,1715198.25,2021-08-02,162773.25,2136.0,585342.0,18523.0
2021,31,Need State 6,1398315.75,2969897.25,2021-08-02,643022.25,7860.0,402544.5,10457.0
2021,32,Need State 1,2227295.25,4442744.25,2021-08-09,551245.5,3780.75,1052920.5,1338.0
2021,32,Need State 2,1290095.25,2537719.5,2021-08-09,314933.25,7659.75,483064.5,19872.0
2021,32,Need State 3,1461759.0,4235473.5,2021-08-09,389408.25,7146.75,272973.75,1717.0
2021,32,Need State 4,937434.75,1868707.5,2021-08-09,397534.5,10485.75,742052.25,8645.0
2021,32,Need State 5,523584.75,1577806.5,2021-08-09,101369.25,3093.75,531677.25,13417.0
2021,32,Need State 6,1293193.5,2860116.75,2021-08-09,587031.0,7491.0,402544.5,10457.0
2021,33,Need State 1,2402760.0,4599898.5,2021-08-16,695661.75,3655.5,658275.75,2992.0
2021,33,Need State 2,1389190.5,2730018.0,2021-08-16,384623.25,5667.0,334887.75,6964.0
2021,33,Need State 3,1584912.75,4344857.25,2021-08-16,340911.75,6741.0,341965.5,650.0
2021,33,Need State 4,1362579.75,1933717.5,2021-08-16,373126.5,9972.0,715980.75,9803.0
2021,33,Need State 5,491658.0,1522392.75,2021-08-16,115697.25,2869.5,1149696.0,19356.0
2021,33,Need State 6,2015001.0,2788848.75,2021-08-16,563960.25,8354.25,402544.5,10457.0
2021,34,Need State 1,2229888.75,4435625.25,2021-08-23,687503.25,4038.75,520768.5,1455.0
2021,34,Need State 2,1262043.75,2700122.25,2021-08-23,313235.25,6619.5,179756.25,2505.0
2021,34,Need State 3,1441704.0,4282995.0,2021-08-23,461373.0,6010.5,220227.0,11890.0
2021,34,Need State 4,1240429.5,2095533.0,2021-08-23,438381.0,10860.0,336958.5,3351.0
2021,34,Need State 5,469830.75,1443813.0,2021-08-23,90660.75,1594.5,772803.0,720.0
2021,34,Need State 6,1944154.5,2789075.25,2021-08-23,561347.25,7929.75,402544.5,10457.0
2021,35,Need State 1,2009406.0,4368488.25,2021-08-30,740111.25,3996.0,324585.0,14141.0
2021,35,Need State 2,1082334.75,2671679.25,2021-08-30,383862.75,6052.5,552717.75,13926.0
2021,35,Need State 3,1199376.0,4216323.0,2021-08-30,319853.25,8017.5,177987.0,5822.0
2021,35,Need State 4,845853.75,2182830.75,2021-08-30,492462.0,9233.25,249434.25,13078.0
2021,35,Need State 5,456770.25,1394332.5,2021-08-30,60320.25,1974.0,350067.75,776.0
2021,35,Need State 6,1767913.5,2754104.25,2021-08-30,635652.75,6942.75,402544.5,10457.0
2021,36,Need State 1,1811052.75,4328462.25,2021-09-06,656641.5,2899.5,320163.0,13292.0
2021,36,Need State 2,892539.0,2635284.0,2021-09-06,318623.25,8075.25,170965.5,18209.0
2021,36,Need State 3,1071735.75,4210149.75,2021-09-06,472932.0,5499.0,219709.5,14373.0
2021,36,Need State 4,785573.25,2148377.25,2021-09-06,397526.25,10282.5,329004.0,2968.0
2021,36,Need State 5,436785.75,1352081.25,2021-09-06,54356.25,1316.25,431654.25,12108.0
2021,36,Need State 6,1573385.25,2780260.5,2021-09-06,572483.25,6576.75,402544.5,10457.0
2021,37,Need State 1,1978428.75,4202687.25,2021-09-13,478269.75,4110.75,398962.5,16466.0
2021,37,Need State 2,743238.0,2678554.5,2021-09-13,369570.75,6512.25,419973.75,16815.0
2021,37,Need State 3,950578.5,4199922.0,2021-09-13,293533.5,7940.25,266729.25,12460.0
2021,37,Need State 4,910599.0,2206621.5,2021-09-13,499152.0,9164.25,459801.75,1919.0
2021,37,Need State 5,415316.25,1187435.25,2021-09-13,28747.5,1104.75,401247.75,15017.0
2021,37,Need State 6,1627945.5,2755306.5,2021-09-13,473444.25,7738.5,402544.5,10457.0
2021,38,Need State 1,1837530.0,4189131.0,2021-09-20,487155.75,2969.25,632085.75,8460.0
2021,38,Need State 2,680382.75,2622080.25,2021-09-20,285762.0,6955.5,565623.0,5066.0
2021,38,Need State 3,956617.5,4246850.25,2021-09-20,402376.5,6592.5,481889.25,19828.0
2021,38,Need State 4,794007.75,2215599.0,2021-09-20,420957.0,12162.75,444409.5,9431.0
2021,38,Need State 5,403522.5,1048380.75,2021-09-20,26284.5,453.75,477400.5,2721.0
2021,38,Need State 6,1580968.5,2849205.0,2021-09-20,560229.75,6446.25,402544.5,10457.0
2021,39,Need State 1,2153181.75,4201519.5,2021-09-27,428911.5,3213.0,1025997.75,18974.0
2021,39,Need State 2,638931.75,2670129.0,2021-09-27,400496.25,5948.25,282459.0,17269.0
2021,39,Need State 3,1034995.5,4186123.5,2021-09-27,306233.25,6909.0,560955.0,13044.0
2021,39,Need State 4,720269.25,2319528.75,2021-09-27,482850.75,10622.25,545457.75,7162.0
2021,39,Need State 5,363399.0,999865.5,2021-09-27,21485.25,327.0,686050.5,13042.0
2021,39,Need State 6,1637346.0,2786768.25,2021-09-27,477628.5,6249.75,402544.5,10457.0
2021,40,Need State 1,2187683.25,4133904.75,2021-10-04,448910.25,2867.25,80189.25,19007.0
2021,40,Need State 2,664379.25,2562806.25,2021-10-04,300524.25,6466.5,267213.75,8489.0
2021,40,Need State 3,1095846.0,4117729.5,2021-10-04,386547.0,6232.5,243669.0,8627.0
2021,40,Need State 4,864545.25,2159055.0,2021-10-04,417054.0,8721.75,414002.25,12629.0
2021,40,Need State 5,352750.5,954462.0,2021-10-04,17242.5,204.75,236986.5,14031.0
2021,40,Need State 6,1685004.75,2773452.75,2021-10-04,514454.25,6146.25,402544.5,10457.0
2021,41,Need State 1,2287858.5,4154016.75,2021-10-11,378968.25,3072.0,650490.0,17150.0
2021,41,Need State 2,746744.25,3374835.75,2021-10-11,331294.5,7743.75,468106.5,16672.0
2021,41,Need State 3,930310.5,4280195.25,2021-10-11,326609.25,6338.25,323962.5,7379.0
2021,41,Need State 4,1299327.75,2293140.75,2021-10-11,403581.75,10592.25,835918.5,17429.0
2021,41,Need State 5,341005.5,932326.5,2021-10-11,16965.0,226.5,1000242.75,11693.0
2021,41,Need State 6,1812618.75,2745588.0,2021-10-11,465327.0,6003.75,402544.5,10457.0
2021,42,Need State 1,2258578.5,4131496.5,2021-10-18,384597.75,2651.25,319992.0,3371.0
2021,42,Need State 2,898696.5,3382311.75,2021-10-18,334574.25,9129.75,286435.5,12284.0
2021,42,Need State 3,1122779.25,4359278.25,2021-10-18,383744.25,4853.25,129718.5,2361.0
2021,42,Need State 4,1289298.75,2320704.0,2021-10-18,433433.25,10680.0,285377.25,4494.0
2021,42,Need State 5,226942.5,920925.75,2021-10-18,16812.0,270.75,381074.25,18285.0
2021,42,Need State 6,1935176.25,2767561.5,2021-10-18,484701.75,7296.0,402544.5,10457.0
2021,43,Need State 1,2078940.0,4084359.0,2021-10-25,381980.25,2442.75,192120.75,13524.0
2021,43,Need State 2,992579.25,3350259.0,2021-10-25,420952.5,7565.25,478903.5,4953.0
2021,43,Need State 3,1037039.25,4266784.5,2021-10-25,255436.5,6712.5,237707.25,4702.0
2021,43,Need State 4,1066103.25,2292237.75,2021-10-25,470436.0,9960.75,263670.0,1638.0
2021,43,Need State 5,294897.75,913094.25,2021-10-25,17764.5,264.75,387342.0,17886.0
2021,43,Need State 6,1915487.25,2781456.75,2021-10-25,526055.25,5988.75,402544.5,10457.0
2021,44,Need State 1,1967236.5,4090227.75,2021-11-01,330258.0,2108.25,223115.25,15114.0
2021,44,Need State 2,1018754.25,3295037.25,2021-11-01,343806.0,7682.25,512168.25,11722.0
2021,44,Need State 3,959034.0,4243719.75,2021-11-01,358208.25,5549.25,229542.75,5628.0
2021,44,Need State 4,827304.75,2325026.25,2021-11-01,393473.25,8895.0,396127.5,5495.0
2021,44,Need State 5,182847.75,893018.25,2021-11-01,19355.25,219.75,344643.0,14553.0
2021,44,Need State 6,1916636.25,2733363.0,2021-11-01,432303.75,5532.0,402544.5,10457.0
2021,45,Need State 1,1766007.75,4037955.0,2021-11-08,335463.75,2079.75,247068.0,14545.0
2021,45,Need State 2,1280847.75,3233085.0,2021-11-08,414551.25,9483.75,596028.75,8842.0
2021,45,Need State 3,1075995.75,4159340.25,2021-11-08,266328.75,6735.75,377853.0,19144.0
2021,45,Need State 4,909246.0,2283995.25,2021-11-08,464336.25,10631.25,362800.5,12420.0
2021,45,Need State 5,172085.25,881946.0,2021-11-08,20537.25,252.75,474536.25,17624.0
2021,45,Need State 6,1871563.5,2669148.75,2021-11-08,475594.5,5456.25,402544.5,10457.0
2021,46,Need State 1,1772478.75,3977697.0,2021-11-15,299685.0,2442.75,163740.0,5323.0
2021,46,Need State 2,1209935.25,3219830.25,2021-11-15,364275.0,12681.0,341327.25,18401.0
2021,46,Need State 3,1094258.25,4106807.25,2021-11-15,333616.5,7647.0,352458.0,16445.0
2021,46,Need State 4,962713.5,2203873.5,2021-11-15,445491.0,9816.75,322544.25,10062.0
2021,46,Need State 5,168414.0,867792.75,2021-11-15,16779.0,406.5,336150.0,14623.0
2021,46,Need State 6,1763832.0,2673528.0,2021-11-15,402365.25,6828.0,402544.5,10457.0
2021,47,Need State 1,1709643.0,3933765.0,2021-11-22,288753.75,3016.5,523181.25,13036.0
2021,47,Need State 2,1146784.5,3272108.25,2021-11-22,527122.5,14578.5,506841.0,1604.0
2021,47,Need State 3,1245589.5,4068462.75,2021-11-22,287940.0,13239.0,477817.5,19954.0
2021,47,Need State 4,1012397.25,2101588.5,2021-11-22,415181.25,10827.0,525870.75,9478.0
2021,47,Need State 5,169581.75,862029.75,2021-11-22,18098.25,647.25,332483.25,3893.0
2021,47,Need State 6,1611594.0,2616399.75,2021-11-22,457254.75,9346.5,402544.5,10457.0
2021,48,Need State 1,1648735.5,3926124.0,2021-11-29,328204.5,2412.0,384503.25,12585.0
2021,48,Need State 2,1224609.75,3343976.25,2021-11-29,464865.0,8278.5,367848.75,14286.0
2021,48,Need State 3,1250385.75,4030890.75,2021-11-29,407856.0,5052.75,159486.0,16052.0
2021,48,Need State 4,1112517.0,2050989.0,2021-11-29,398274.75,10139.25,446012.25,12208.0
2021,48,Need State 5,162201.75,857832.0,2021-11-29,18330.75,277.5,206840.25,11913.0
2021,48,Need State 6,1481349.0,2597160.0,2021-11-29,482283.0,6275.25,402544.5,10457.0
2021,49,Need State 1,1799262.75,3923584.5,2021-12-06,323834.25,2110.5,343218.0,19408.0
2021,49,Need State 2,1183906.5,3250760.25,2021-12-06,405858.0,9657.0,330722.25,19020.0
2021,49,Need State 3,1140785.25,3980202.0,2021-12-06,246740.25,5668.5,375309.0,19431.0
2021,49,Need State 4,1030555.5,2067675.75,2021-12-06,428171.25,10624.5,370164.75,14339.0
2021,49,Need State 5,186630.75,849217.5,2021-12-06,20747.25,230.25,354144.0,19453.0
2021,49,Need State 6,1337476.5,2567355.0,2021-12-06,411926.25,5706.0,402544.5,10457.0
2021,50,Need State 1,1764952.5,3890427.0,2021-12-13,309387.0,2878.5,314396.25,11819.0
2021,50,Need State 2,1216697.25,3129087.0,2021-12-13,598563.0,8244.75,256461.0,17115.0
2021,50,Need State 3,1277717.25,3952218.0,2021-12-13,364957.5,6709.5,398690.25,19793.0
2021,50,Need State 4,1057341.75,1960471.5,2021-12-13,438303.0,10371.75,302901.75,9827.0
2021,50,Need State 5,187236.75,831126.0,2021-12-13,24914.25,187.5,370041.75,15210.0
2021,50,Need State 6,1384009.5,2520814.5,2021-12-13,428814.75,6168.0,402544.5,10457.0
2021,51,Need State 1,1805510.25,3849951.0,2021-12-20,373874.25,2358.75,804323.25,6800.0
2021,51,Need State 2,951240.0,2870991.75,2021-12-20,600968.25,7518.0,395858.25,1031.0
2021,51,Need State 3,1309312.5,3794686.5,2021-12-20,383296.5,6012.0,326622.0,1473.0
2021,51,Need State 4,948471.0,1940378.25,2021-12-20,506939.25,8635.5,790806.75,16978.0
2021,51,Need State 5,178176.0,838800.75,2021-12-20,27582.75,382.5,785989.5,14126.0
2021,51,Need State 6,1391955.0,2387293.5,2021-12-20,470064.75,5531.25,402544.5,10457.0
2021,52,Need State 1,1952004.0,3872801.25,2021-12-27,352412.25,6521.25,118671.75,7192.0
2021,52,Need State 2,843687.0,2758899.0,2021-12-27,407785.5,6521.25,95872.5,2114.0
2021,52,Need State 3,1110202.5,3896245.5,2021-12-27,249810.75,6521.25,152532.75,12488.0
2021,52,Need State 4,1039656.0,1992052.5,2021-12-27,299879.25,6521.25,225032.25,1887.0
2021,52,Need State 5,193203.0,861502.5,2021-12-27,17217.0,6521.25,301517.25,10954.0
2021,52,Need State 6,1328466.0,2419987.5,2021-12-27,373771.5,6521.25,402544.5,10457.0
2022,1,Need State 1,1849125.0,3833880.75,2022-01-03,348637.5,3657.0,225132.0,18049.0
2022,1,Need State 2,727968.0,2741374.5,2022-01-03,299068.5,11636.25,239328.75,11157.0
2022,1,Need State 3,1043247.0,3964887.75,2022-01-03,298375.5,7750.5,146636.25,13539.0
2022,1,Need State 4,794529.75,2049757.5,2022-01-03,416754.0,17230.5,231120.75,758.0
2022,1,Need State 5,174625.5,863618.25,2022-01-03,28734.75,537.0,323888.25,3316.0
2022,1,Need State 6,1429727.25,2410957.5,2022-01-03,384471.0,9000.75,402544.5,10457.0
2022,2,Need State 1,1886235.0,3846775.5,2022-01-10,343799.25,3806.25,720135.0,8583.0
2022,2,Need State 2,688170.0,2700783.0,2022-01-10,330452.25,9718.5,299952.0,4323.0
2022,2,Need State 3,1016256.0,3898632.0,2022-01-10,324578.25,6705.0,398277.0,16226.0
2022,2,Need State 4,867558.0,1976493.0,2022-01-10,473402.25,13074.75,638800.5,17316.0
2022,2,Need State 5,195345.75,854471.25,2022-01-10,20072.25,411.75,564081.0,13125.0
2022,2,Need State 6,1388792.25,2434471.5,2022-01-10,450858.75,8354.25,402544.5,10457.0
2022,3,Need State 1,1966980.0,3852201.0,2022-01-17,346592.25,3765.75,227398.5,11338.0
2022,3,Need State 2,727232.25,2690676.75,2022-01-17,331642.5,9857.25,367634.25,18475.0
2022,3,Need State 3,1205241.75,3800191.5,2022-01-17,275375.25,8472.0,406825.5,17129.0
2022,3,Need State 4,1080168.75,1947301.5,2022-01-17,432791.25,11168.25,573999.0,15519.0
2022,3,Need State 5,198354.75,849681.0,2022-01-17,19849.5,540.75,328036.5,10302.0
2022,3,Need State 6,1434927.75,2376165.75,2022-01-17,410819.25,8982.75,402544.5,10457.0
2022,4,Need State 1,1784772.0,3850652.25,2022-01-24,344795.25,3984.0,295862.25,6009.0
2022,4,Need State 2,741632.25,2648196.75,2022-01-24,324370.5,12634.5,250038.0,9048.0
2022,4,Need State 3,1246990.5,3807639.0,2022-01-24,348705.0,8309.25,297513.0,4005.0
2022,4,Need State 4,928840.5,1952948.25,2022-01-24,382820.25,19377.0,300548.25,931.0
2022,4,Need State 5,178992.0,844506.75,2022-01-24,23655.75,601.5,472599.75,17986.0
2022,4,Need State 6,1262213.25,2353557.0,2022-01-24,448701.0,8905.5,402544.5,10457.0
2022,5,Need State 1,1809055.5,4080468.75,2022-01-31,338146.5,2999.25,473947.5,13106.0
2022,5,Need State 2,648354.0,2575325.25,2022-01-31,359309.25,8575.5,253847.25,3315.0
2022,5,Need State 3,1203952.5,3723685.5,2022-01-31,315834.0,5844.75,424525.5,19206.0
2022,5,Need State 4,824669.25,2042387.25,2022-01-31,498989.25,10166.25,455489.25,15902.0
2022,5,Need State 5,231534.75,840153.75,2022-01-31,22807.5,541.5,517918.5,12486.0
2022,5,Need State 6,1408445.25,2423676.0,2022-01-31,478038.0,6419.25,402544.5,10457.0
2022,6,Need State 1,1737505.5,4045948.5,2022-02-07,307596.75,3231.75,615947.25,8368.0
2022,6,Need State 2,627284.25,2542923.75,2022-02-07,305830.5,7626.0,243423.75,7121.0
2022,6,Need State 3,1496976.0,3713264.25,2022-02-07,337423.5,5243.25,524013.75,5812.0
2022,6,Need State 4,1041308.25,2017749.75,2022-02-07,402324.0,10544.25,436341.0,12481.0
2022,6,Need State 5,225524.25,834605.25,2022-02-07,29843.25,758.25,266755.5,8329.0
2022,6,Need State 6,1258310.25,2383083.0,2022-02-07,406074.75,6573.0,402544.5,10457.0
2022,7,Need State 1,1792991.25,3863763.0,2022-02-14,302883.0,2896.5,405015.0,4021.0
2022,7,Need State 2,766714.5,2430100.5,2022-02-14,306318.75,6586.5,328047.0,1555.0
2022,7,Need State 3,1586227.5,3590558.25,2022-02-14,285927.75,7948.5,393878.25,7852.0
2022,7,Need State 4,948331.5,1977548.25,2022-02-14,427413.75,9573.75,448062.75,9229.0
2022,7,Need State 5,204607.5,786064.5,2022-02-14,55258.5,493.5,311679.75,11729.0
2022,7,Need State 6,1213172.25,2360500.5,2022-02-14,447076.5,6710.25,402544.5,10457.0
2022,8,Need State 1,1737123.0,4018358.25,2022-02-21,343384.5,2938.5,273339.0,18796.0
2022,8,Need State 2,657087.75,2478526.5,2022-02-21,282371.25,7532.25,188490.75,3035.0
2022,8,Need State 3,1194807.0,3721557.75,2022-02-21,392266.5,4886.25,168665.25,8333.0
2022,8,Need State 4,911358.0,2051508.75,2022-02-21,390536.25,9941.25,193704.0,1303.0
2022,8,Need State 5,193338.0,793143.0,2022-02-21,32664.0,748.5,177261.75,13458.0
2022,8,Need State 6,1109968.5,2372595.75,2022-02-21,390552.0,8185.5,402544.5,10457.0
2022,9,Need State 1,2300770.5,4198659.75,2022-02-28,341754.0,3370.5,1633242.0,3272.0
2022,9,Need State 2,687194.25,2451921.0,2022-02-28,329583.75,6529.5,361269.75,8002.0
2022,9,Need State 3,1201031.25,3860166.0,2022-02-28,322031.25,5438.25,269997.75,14691.0
2022,9,Need State 4,957188.25,1996818.0,2022-02-28,409771.5,8024.25,408852.75,12898.0
2022,9,Need State 5,200004.0,776436.0,2022-02-28,37790.25,1540.5,1193739.0,15148.0
2022,9,Need State 6,1485303.0,2287695.75,2022-02-28,469013.25,6075.75,402544.5,10457.0
2022,10,Need State 1,3368703.75,4237740.75,2022-03-07,396704.25,3465.0,1767609.0,15398.0
2022,10,Need State 2,688646.25,2446062.75,2022-03-07,285531.75,6819.0,414115.5,12148.0
2022,10,Need State 3,1179682.5,3869143.5,2022-03-07,343164.0,4990.5,213970.5,15082.0
2022,10,Need State 4,991293.0,2058103.5,2022-03-07,351147.0,8870.25,477458.25,17196.0
2022,10,Need State 5,686337.0,758295.0,2022-03-07,71468.25,726.0,670185.75,16178.0
2022,10,Need State 6,1825563.0,2241596.25,2022-03-07,381734.25,5880.75,402544.5,10457.0
2022,11,Need State 1,3815302.5,4206561.0,2022-03-14,385340.25,4341.0,401660.25,1830.0
2022,11,Need State 2,696391.5,2479667.25,2022-03-14,301209.75,7100.25,324297.0,3184.0
2022,11,Need State 3,1152363.75,3787143.75,2022-03-14,299349.0,7619.25,317165.25,9363.0
2022,11,Need State 4,879493.5,2037232.5,2022-03-14,404808.0,9240.0,236302.5,11202.0
2022,11,Need State 5,811782.0,714885.0,2022-03-14,43072.5,1792.5,291765.75,17272.0
2022,11,Need State 6,1877154.0,2207578.5,2022-03-14,371655.0,6043.5,402544.5,10457.0
2022,12,Need State 1,3192620.25,4200300.75,2022-03-21,439730.25,5413.5,923920.5,12295.0
2022,12,Need State 2,786270.0,2456478.0,2022-03-21,290700.0,7289.25,453584.25,12126.0
2022,12,Need State 3,1170600.75,3728396.25,2022-03-21,341650.5,4386.0,465645.75,14989.0
2022,12,Need State 4,700431.75,1957279.5,2022-03-21,359508.0,10481.25,419783.25,11105.0
2022,12,Need State 5,760760.25,746764.5,2022-03-21,53145.0,2394.0,680735.25,14896.0
2022,12,Need State 6,1897170.75,2230218.75,2022-03-21,403875.0,6873.0,402544.5,10457.0
2022,13,Need State 1,4098109.5,4931589.0,2022-03-28,560076.0,4136.25,1434591.75,2568.0
2022,13,Need State 2,750130.5,2450426.25,2022-03-28,388444.5,6840.0,378236.25,7136.0
2022,13,Need State 3,1157227.5,3695260.5,2022-03-28,275298.0,6857.25,479124.0,10890.0
2022,13,Need State 4,822378.75,1985205.0,2022-03-28,469857.75,8949.0,377538.75,18139.0
2022,13,Need State 5,1521032.25,1200894.0,2022-03-28,88083.75,1094.25,829482.75,10921.0
2022,13,Need State 6,1942269.0,2263941.0,2022-03-28,412167.75,5549.25,402544.5,10457.0
2022,14,Need State 1,4751574.0,4873329.0,2022-04-04,524874.0,5704.5,1005565.5,10826.0
2022,14,Need State 2,778464.75,2405337.75,2022-04-04,440656.5,8550.75,260363.25,18642.0
2022,14,Need State 3,1319388.75,3686928.75,2022-04-04,371924.25,5988.0,256968.0,2995.0
2022,14,Need State 4,827025.0,1925391.0,2022-04-04,410714.25,10015.5,213425.25,16063.0
2022,14,Need State 5,2214831.0,1252852.5,2022-04-04,67195.5,1938.75,905097.75,9879.0
2022,14,Need State 6,2494069.5,2344998.75,2022-04-04,445714.5,6033.75,402544.5,10457.0
2022,15,Need State 1,4823778.0,4787475.0,2022-04-11,577040.25,4307.25,197555.25,4940.0
2022,15,Need State 2,654268.5,2342972.25,2022-04-11,372479.25,7314.75,323847.75,15803.0
2022,15,Need State 3,1152492.75,3681702.0,2022-04-11,298653.0,4491.75,228345.0,2866.0
2022,15,Need State 4,614841.75,1808111.25,2022-04-11,444729.75,8343.0,290613.75,10593.0
2022,15,Need State 5,1650714.0,1527018.0,2022-04-11,132243.0,1767.0,446220.75,12408.0
2022,15,Need State 6,2352318.75,2357904.0,2022-04-11,448818.75,5556.75,402544.5,10457.0
2022,16,Need State 1,4390458.75,4729499.25,2022-04-18,482043.0,6462.75,745246.5,18962.0
2022,16,Need State 2,601455.0,2368101.0,2022-04-18,379185.0,10150.5,354027.75,2271.0
2022,16,Need State 3,1056108.75,3648184.5,2022-04-18,317124.75,7133.25,289380.75,3800.0
2022,16,Need State 4,624639.75,1719077.25,2022-04-18,387538.5,12491.25,286107.75,5221.0
2022,16,Need State 5,1631232.75,2282793.75,2022-04-18,91773.0,3873.0,640003.5,7682.0
2022,16,Need State 6,2580547.5,2452368.0,2022-04-18,478236.0,8270.25,402544.5,10457.0
2022,17,Need State 1,4328567.25,5323525.5,2022-04-25,642017.25,5088.0,746291.25,19003.0
2022,17,Need State 2,634131.75,2377780.5,2022-04-25,388831.5,6726.0,422487.0,5349.0
2022,17,Need State 3,1283388.75,3688877.25,2022-04-25,317007.75,4959.75,589102.5,2985.0
2022,17,Need State 4,694266.75,1666168.5,2022-04-25,427175.25,6842.25,458959.5,12347.0
2022,17,Need State 5,1604514.0,2383749.0,2022-04-25,226299.0,2907.0,239607.0,7132.0
2022,17,Need State 6,2457244.5,2665329.0,2022-04-25,520363.5,6912.0,402544.5,10457.0
2022,18,Need State 1,4510617.0,5426955.0,2022-05-02,617886.0,5722.5,1124841.0,7223.0
2022,18,Need State 2,728430.0,2425101.0,2022-05-02,378947.25,7780.5,383335.5,12017.0
2022,18,Need State 3,1487045.25,3714513.75,2022-05-02,360345.75,5751.75,461808.0,14287.0
2022,18,Need State 4,722916.75,1741586.25,2022-05-02,352068.0,8835.75,440440.5,2043.0
2022,18,Need State 5,2219390.25,2292835.5,2022-05-02,167946.75,6534.0,1422577.5,12461.0
2022,18,Need State 6,3042759.0,2740159.5,2022-05-02,517944.0,7340.25,402544.5,10457.0
2022,19,Need State 1,4581154.5,5338629.75,2022-05-09,818531.25,5211.0,825480.0,2256.0
2022,19,Need State 2,715961.25,2397145.5,2022-05-09,374893.5,7908.0,557058.0,1356.0
2022,19,Need State 3,1523069.25,3703206.75,2022-05-09,285820.5,5200.5,448005.0,18094.0
2022,19,Need State 4,795934.5,1740779.25,2022-05-09,385224.0,7607.25,570684.0,13485.0
2022,19,Need State 5,2419461.0,2300214.75,2022-05-09,470982.75,6714.0,884607.75,1694.0
2022,19,Need State 6,3242605.5,2731635.0,2022-05-09,532359.0,9194.25,402544.5,10457.0
2022,20,Need State 1,4528831.5,5089863.0,2022-05-16,824489.25,6423.0,786371.25,18024.0
2022,20,Need State 2,810265.5,2379420.0,2022-05-16,417912.75,7419.0,364514.25,13937.0
2022,20,Need State 3,1501898.25,3692773.5,2022-05-16,335220.0,6698.25,218375.25,7449.0
2022,20,Need State 4,863393.25,1692465.0,2022-05-16,373661.25,7792.5,354081.0,7668.0
2022,20,Need State 5,2238211.5,1986108.75,2022-05-16,372768.75,7275.0,1185709.5,8731.0
2022,20,Need State 6,3880253.25,2653677.0,2022-05-16,580415.25,6375.0,402544.5,10457.0
2022,21,Need State 1,5149377.75,5474871.0,2022-05-23,801347.25,6408.0,1481271.75,19173.0
2022,21,Need State 2,662451.0,2445935.25,2022-05-23,338514.75,7626.75,475058.25,3457.0
2022,21,Need State 3,1463990.25,3776847.75,2022-05-23,323421.0,5193.75,405483.0,19300.0
2022,21,Need State 4,825695.25,1743278.25,2022-05-23,382512.75,9372.0,330423.75,17188.0
2022,21,Need State 5,2051296.5,2027337.0,2022-05-23,344436.0,6359.25,634808.25,10770.0
2022,21,Need State 6,3874480.5,2808366.0,2022-05-23,604898.25,9875.25,402544.5,10457.0
2022,22,Need State 1,5295673.5,5877516.0,2022-05-30,877654.5,6981.75,578701.5,9073.0
2022,22,Need State 2,680552.25,2698783.5,2022-05-30,405162.0,7138.5,253146.0,8353.0
2022,22,Need State 3,1512074.25,4115906.25,2022-05-30,365874.75,6801.75,279737.25,11526.0
2022,22,Need State 4,756702.75,1858278.0,2022-05-30,412912.5,9641.25,280140.0,15154.0
2022,22,Need State 5,1672439.25,1938597.75,2022-05-30,289023.0,7629.75,344255.25,4437.0
2022,22,Need State 6,3922320.75,2968051.5,2022-05-30,654940.5,8523.75,402544.5,10457.0
2022,23,Need State 1,5126610.0,5681484.75,2022-06-06,984391.5,6810.0,464439.0,7434.0
2022,23,Need State 2,881702.25,2654892.0,2022-06-06,376378.5,8532.75,544197.0,16855.0
2022,23,Need State 3,1590522.0,4038271.5,2022-06-06,324720.75,5866.5,425300.25,2288.0
2022,23,Need State 4,738271.5,1851035.25,2022-06-06,454620.0,10461.0,336489.75,17722.0
2022,23,Need State 5,1603265.25,2075056.5,2022-06-06,318934.5,4884.0,304602.75,14580.0
2022,23,Need State 6,3831320.25,3000021.75,2022-06-06,662591.25,7867.5,402544.5,10457.0
2022,24,Need State 1,4815375.0,5462408.25,2022-06-13,811932.75,8342.25,240153.75,3066.0
2022,24,Need State 2,1078920.75,2592749.25,2022-06-13,406348.5,6761.25,559325.25,3299.0
2022,24,Need State 3,1609374.75,4084571.25,2022-06-13,405487.5,7352.25,427752.75,16099.0
2022,24,Need State 4,788746.5,1784637.75,2022-06-13,455523.75,6513.0,447780.75,4739.0
2022,24,Need State 5,1748004.75,1962462.75,2022-06-13,214361.25,3603.0,627080.25,11165.0
2022,24,Need State 6,3548124.0,2935481.25,2022-06-13,601500.75,7953.75,402544.5,10457.0
2022,25,Need State 1,4492306.5,5585256.75,2022-06-20,996766.5,6725.25,793471.5,2577.0
2022,25,Need State 2,1071737.25,2578538.25,2022-06-20,349650.0,5844.0,355576.5,3644.0
2022,25,Need State 3,1744253.25,4001175.0,2022-06-20,356679.75,5948.25,941070.0,6012.0
2022,25,Need State 4,850764.75,1745373.75,2022-06-20,348743.25,8349.0,539620.5,14012.0
2022,25,Need State 5,1486710.0,1920570.0,2022-06-20,209683.5,5925.0,517377.0,18017.0
2022,25,Need State 6,3361856.25,3150865.5,2022-06-20,677479.5,9046.5,402544.5,10457.0
2022,26,Need State 1,4138507.5,5625784.5,2022-06-27,871884.0,4088.25,423244.5,11130.0
2022,26,Need State 2,1088970.75,2603371.5,2022-06-27,357029.25,5825.25,256360.5,17096.0
2022,26,Need State 3,2147322.75,4006296.0,2022-06-27,421110.0,7233.0,269085.75,9777.0
2022,26,Need State 4,867011.25,1780715.25,2022-06-27,434420.25,7595.25,317520.75,10038.0
2022,26,Need State 5,1238617.5,1871043.75,2022-06-27,376593.0,5229.0,284659.5,5432.0
2022,26,Need State 6,3135382.5,3164673.0,2022-06-27,728220.0,7309.5,402544.5,10457.0
2022,27,Need State 1,3853857.75,5456624.25,2022-07-04,695706.0,6627.75,681434.25,4798.0
2022,27,Need State 2,959133.75,2546368.5,2022-07-04,364499.25,6452.25,259917.0,17525.0
2022,27,Need State 3,2145246.0,3909288.75,2022-07-04,376256.25,6956.25,302958.75,15788.0
2022,27,Need State 4,704640.0,1776132.75,2022-07-04,419122.5,8072.25,279173.25,10942.0
2022,27,Need State 5,881193.75,1776447.0,2022-07-04,372075.0,5319.0,425949.75,3225.0
2022,27,Need State 6,2732531.25,2974529.25,2022-07-04,661668.75,7772.25,402544.5,10457.0
2022,28,Need State 1,3655986.75,5566181.25,2022-07-11,756621.0,5946.0,765796.5,12298.0
2022,28,Need State 2,982161.75,2577708.75,2022-07-11,366444.75,6469.5,456874.5,14644.0
2022,28,Need State 3,1671880.5,3921411.75,2022-07-11,414412.5,6462.0,331095.0,5721.0
2022,28,Need State 4,737121.75,1810627.5,2022-07-11,411924.75,7249.5,456045.0,12651.0
2022,28,Need State 5,846811.5,1839246.75,2022-07-11,316325.25,4953.75,811161.0,15454.0
2022,28,Need State 6,2687592.0,3090195.0,2022-07-11,746676.0,10165.5,402544.5,10457.0
2022,29,Need State 1,3735090.0,5450706.75,2022-07-18,709096.5,4268.25,752730.75,19559.0
2022,29,Need State 2,966006.0,2526481.5,2022-07-18,362702.25,5252.25,433179.75,1492.0
2022,29,Need State 3,1716082.5,4397018.25,2022-07-18,353679.75,5979.0,562457.25,4693.0
2022,29,Need State 4,894835.5,1749581.25,2022-07-18,401744.25,6978.75,697983.0,10061.0
2022,29,Need State 5,756909.0,1740398.25,2022-07-18,351225.75,2443.5,569270.25,1761.0
2022,29,Need State 6,2363382.75,3163271.25,2022-07-18,693763.5,7777.5,402544.5,10457.0
2022,30,Need State 1,3462938.25,5393953.5,2022-07-25,681260.25,5478.0,1059818.25,17633.0
2022,30,Need State 2,1106758.5,2582864.25,2022-07-25,347877.0,6114.75,574308.0,7231.0
2022,30,Need State 3,1996495.5,4317003.0,2022-07-25,436925.25,5761.5,895302.0,3063.0
2022,30,Need State 4,1043202.0,1718715.75,2022-07-25,373125.75,8566.5,476877.75,15301.0
2022,30,Need State 5,615459.0,1581553.5,2022-07-25,224478.75,3564.75,778722.75,15983.0
2022,30,Need State 6,2533116.0,3194526.0,2022-07-25,757847.25,8115.75,402544.5,10457.0
2022,31,Need State 1,3571481.25,5295227.25,2022-08-01,612480.75,3631.5,398173.5,15301.0
2022,31,Need State 2,1064522.25,2580941.25,2022-08-01,347859.0,6512.25,249181.5,4268.0
2022,31,Need State 3,2126226.75,4178266.5,2022-08-01,359648.25,5908.5,541816.5,12152.0
2022,31,Need State 4,902163.0,1733172.75,2022-08-01,438981.75,8521.5,212052.0,9584.0
2022,31,Need State 5,543747.0,1483065.0,2022-08-01,243281.25,2650.5,566001.75,4078.0
2022,31,Need State 6,2356187.25,3066236.25,2022-08-01,736050.0,6699.0,402544.5,10457.0
2022,32,Need State 1,3684161.25,5235033.75,2022-08-08,563415.75,5435.25,470028.75,5708.0
2022,32,Need State 2,1090215.0,2619253.5,2022-08-08,365229.75,6411.0,281360.25,2142.0
2022,32,Need State 3,2347671.75,4289967.0,2022-08-08,391567.5,7677.75,387649.5,5679.0
2022,32,Need State 4,752697.0,1755353.25,2022-08-08,391185.0,9502.5,294522.0,13284.0
2022,32,Need State 5,541208.25,1388911.5,2022-08-08,173972.25,3603.75,911864.25,17524.0
2022,32,Need State 6,2532136.5,2963931.0,2022-08-08,587856.0,6674.25,402544.5,10457.0
2022,33,Need State 1,3442376.25,5638314.75,2022-08-15,703843.5,4350.0,323103.75,18150.0
2022,33,Need State 2,888393.0,2606313.0,2022-08-15,370592.25,5250.0,335745.0,5104.0
2022,33,Need State 3,2131104.0,4464694.5,2022-08-15,367183.5,5808.0,340545.0,8701.0
2022,33,Need State 4,649293.75,1854658.5,2022-08-15,447205.5,9363.0,682317.75,19292.0
2022,33,Need State 5,458649.75,1320723.75,2022-08-15,208303.5,3119.25,611402.25,15224.0
2022,33,Need State 6,2391723.0,3130437.75,2022-08-15,606399.0,8133.75,402544.5,10457.0
2022,34,Need State 1,3329763.75,5569774.5,2022-08-22,666964.5,4778.25,296668.5,3409.0
2022,34,Need State 2,1197764.25,2652465.75,2022-08-22,434151.75,5809.5,584072.25,13268.0
2022,34,Need State 3,2275254.75,4525967.25,2022-08-22,415620.75,5187.0,284383.5,10065.0
2022,34,Need State 4,988587.75,1827985.5,2022-08-22,450958.5,7475.25,434454.75,6946.0
2022,34,Need State 5,460833.0,1245992.25,2022-08-22,124107.75,1461.75,521358.0,1026.0
2022,34,Need State 6,2472146.25,3177149.25,2022-08-22,614218.5,8025.75,402544.5,10457.0
2022,35,Need State 1,3080222.25,5395396.5,2022-08-29,751821.75,4641.0,252782.25,6585.0
2022,35,Need State 2,1425183.75,2564119.5,2022-08-29,348401.25,6198.0,583513.5,9230.0
2022,35,Need State 3,2147524.5,4389068.25,2022-08-29,335940.0,6813.75,189370.5,9757.0
2022,35,Need State 4,849573.0,1811809.5,2022-08-29,412478.25,8436.0,314837.25,9504.0
2022,35,Need State 5,458765.25,1226254.5,2022-08-29,101968.5,2079.75,950898.75,5918.0
2022,35,Need State 6,2408958.75,3234480.0,2022-08-29,705362.25,6975.0,402544.5,10457.0
2022,36,Need State 1,2894664.75,5127173.25,2022-09-05,657760.5,3075.0,507331.5,11717.0
2022,36,Need State 2,1388260.5,2567957.25,2022-09-05,343767.75,6070.5,289881.0,5199.0
2022,36,Need State 3,1989160.5,4343280.0,2022-09-05,427062.75,5092.5,194817.0,11544.0
2022,36,Need State 4,689942.25,1757538.75,2022-09-05,414355.5,7473.75,426658.5,2721.0
2022,36,Need State 5,452604.0,1189380.75,2022-09-05,96456.75,988.5,428981.25,15816.0
2022,36,Need State 6,2381963.25,3173390.25,2022-09-05,647723.25,5630.25,402544.5,10457.0
2022,37,Need State 1,2909547.75,4976157.0,2022-09-12,533272.5,3638.25,430035.75,16301.0
2022,37,Need State 2,1446336.75,2563157.25,2022-09-12,333474.0,7338.0,775083.75,12371.0
2022,37,Need State 3,1861782.75,4360881.75,2022-09-12,324510.0,5372.25,459683.25,8217.0
2022,37,Need State 4,693429.75,1943980.5,2022-09-12,425793.0,8941.5,720237.0,2752.0
2022,37,Need State 5,433686.0,1096438.5,2022-09-12,50045.25,923.25,437718.75,9184.0
2022,37,Need State 6,2356026.0,3044517.75,2022-09-12,523893.75,7951.5,402544.5,10457.0
2022,38,Need State 1,2665997.25,4896705.0,2022-09-19,495897.75,3049.5,226007.25,6738.0
2022,38,Need State 2,2420382.75,2582879.25,2022-09-19,374175.0,6208.5,727547.25,14704.0
2022,38,Need State 3,1953405.0,4358287.5,2022-09-19,315984.75,6168.75,510553.5,12059.0
2022,38,Need State 4,918633.0,1987367.25,2022-09-19,429482.25,8235.75,469861.5,9992.0
2022,38,Need State 5,459414.75,1007789.25,2022-09-19,37590.75,465.75,357991.5,17348.0
2022,38,Need State 6,2128298.25,3110626.5,2022-09-19,596139.0,5983.5,402544.5,10457.0
2022,39,Need State 1,3125546.25,4772262.0,2022-09-26,437820.75,3129.75,903702.75,4873.0
2022,39,Need State 2,2772738.0,2548498.5,2022-09-26,323683.5,6656.25,363558.75,2995.0
2022,39,Need State 3,1952876.25,4318834.5,2022-09-26,307959.0,7268.25,348709.5,2290.0
2022,39,Need State 4,779666.25,2008033.5,2022-09-26,458910.0,8616.75,372435.75,16563.0
2022,39,Need State 5,488124.0,1036809.0,2022-09-26,39851.25,547.5,539021.25,13689.0
2022,39,Need State 6,2225870.25,2984969.25,2022-09-26,471980.25,6127.5,402544.5,10457.0
2022,40,Need State 1,3316052.25,4738911.0,2022-10-03,455137.5,3091.5,404039.25,11952.0
2022,40,Need State 2,1220753.25,2636403.0,2022-10-03,386416.5,6437.25,474627.0,11110.0
2022,40,Need State 3,1999046.25,4283952.0,2022-10-03,397505.25,5062.5,311898.75,6528.0
2022,40,Need State 4,788526.0,1986626.25,2022-10-03,471364.5,7726.5,494211.0,3329.0
2022,40,Need State 5,459783.75,1005540.75,2022-10-03,37157.25,612.75,768370.5,18973.0
2022,40,Need State 6,2364084.0,3073522.5,2022-10-03,510469.5,6417.75,402544.5,10457.0
2022,41,Need State 1,3108552.75,4722896.25,2022-10-10,402846.0,2377.5,467307.75,2335.0
2022,41,Need State 2,925930.5,3457602.0,2022-10-10,327807.0,8136.75,136749.0,12424.0
2022,41,Need State 3,1799096.25,4460423.25,2022-10-10,302183.25,6167.25,84457.5,4209.0
2022,41,Need State 4,756666.75,2111101.5,2022-10-10,411277.5,9090.0,333120.75,2903.0
2022,41,Need State 5,474422.25,998282.25,2022-10-10,38195.25,399.75,294296.25,14558.0
2022,41,Need State 6,2197749.0,2984834.25,2022-10-10,450142.5,6465.75,402544.5,10457.0
2022,42,Need State 1,2974602.0,4689405.0,2022-10-17,387969.0,2754.0,355674.75,11713.0
2022,42,Need State 2,956215.5,3719676.75,2022-10-17,439293.75,8856.0,534037.5,19170.0
2022,42,Need State 3,1686023.25,4539787.5,2022-10-17,375518.25,6195.0,243857.25,6940.0
2022,42,Need State 4,894708.75,2016443.25,2022-10-17,444291.0,7854.0,677653.5,5704.0
2022,42,Need State 5,447094.5,984651.75,2022-10-17,37272.75,678.75,437852.25,17220.0
2022,42,Need State 6,2357593.5,2977908.0,2022-10-17,475101.75,5978.25,402544.5,10457.0
2022,43,Need State 1,3094548.75,4710318.0,2022-10-24,383616.75,2427.75,464072.25,13447.0
2022,43,Need State 2,1251982.5,3615169.5,2022-10-24,419065.5,6453.75,464114.25,1490.0
2022,43,Need State 3,1651171.5,4468786.5,2022-10-24,288664.5,5993.25,268193.25,10284.0
2022,43,Need State 4,1019059.5,2047702.5,2022-10-24,433250.25,8457.75,450099.0,6185.0
2022,43,Need State 5,425204.25,993497.25,2022-10-24,37506.0,683.25,231427.5,9249.0
2022,43,Need State 6,2240449.5,2997362.25,2022-10-24,485091.0,5899.5,402544.5,10457.0
2022,44,Need State 1,3277149.0,4683029.25,2022-10-31,343582.5,2514.75,584742.0,10264.0
2022,44,Need State 2,1120938.75,3600502.5,2022-10-31,387028.5,7784.25,403141.5,15699.0
2022,44,Need State 3,1602914.25,4440338.25,2022-10-31,346174.5,4446.75,359943.75,13658.0
2022,44,Need State 4,740662.5,2062043.25,2022-10-31,454506.75,7491.0,432845.25,16184.0
2022,44,Need State 5,392870.25,986224.5,2022-10-31,41302.5,526.5,263952.0,10895.0
2022,44,Need State 6,2024869.5,2893632.0,2022-10-31,409923.75,5176.5,402544.5,10457.0
2022,45,Need State 1,3253697.25,4728150.0,2022-11-07,386592.0,2583.0,341031.0,1071.0
2022,45,Need State 2,1148763.75,3477507.0,2022-11-07,392511.75,9892.5,412296.0,10239.0
2022,45,Need State 3,1696687.5,4387307.25,2022-11-07,287500.5,7068.75,291117.0,18586.0
2022,45,Need State 4,888693.75,2121095.25,2022-11-07,433278.0,9054.75,504084.75,4963.0
2022,45,Need State 5,394463.25,974316.75,2022-11-07,44122.5,738.75,631227.0,10721.0
2022,45,Need State 6,1934905.5,2887088.25,2022-11-07,448538.25,5328.75,402544.5,10457.0
2022,46,Need State 1,3040413.0,4689693.75,2022-11-14,403802.25,2163.0,290879.25,16525.0
2022,46,Need State 2,1074644.25,3561352.5,2022-11-14,452697.75,10252.5,294026.25,16091.0
2022,46,Need State 3,1698433.5,4358831.25,2022-11-14,333471.75,5205.0,290472.0,16996.0
2022,46,Need State 4,928443.0,2069559.0,2022-11-14,458328.75,8586.0,328572.0,3730.0
2022,46,Need State 5,396126.75,955153.5,2022-11-14,41511.0,636.75,1653645.0,19101.0
2022,46,Need State 6,2851314.75,2827403.25,2022-11-14,359235.75,8055.0,402544.5,10457.0
2022,47,Need State 1,2987834.25,4711697.25,2022-11-21,350793.0,3263.25,404397.75,15881.0
2022,47,Need State 2,1167133.5,3458940.0,2022-11-21,469730.25,16174.5,588874.5,5556.0
2022,47,Need State 3,1679232.75,4304484.75,2022-11-21,301569.75,12023.25,387636.75,18732.0
2022,47,Need State 4,1058195.25,2025606.75,2022-11-21,406249.5,10875.0,643941.0,5723.0
2022,47,Need State 5,406467.0,952746.75,2022-11-21,42525.0,1434.0,518326.5,5314.0
2022,47,Need State 6,3103967.25,2958375.0,2022-11-21,524727.75,8850.0,402544.5,10457.0
2022,48,Need State 1,3661065.75,4780105.5,2022-11-28,331698.0,4025.25,1144957.5,17742.0
2022,48,Need State 2,1260875.25,3466088.25,2022-11-28,542994.0,17265.0,532884.0,8196.0
2022,48,Need State 3,1726206.0,4247920.5,2022-11-28,405353.25,11451.0,322858.5,15679.0
2022,48,Need State 4,1134112.5,2100576.75,2022-11-28,430667.25,11812.5,470153.25,3486.0
2022,48,Need State 5,384168.0,935305.5,2022-11-28,47463.75,1345.5,833511.75,9517.0
2022,48,Need State 6,2974010.25,3147202.5,2022-11-28,585123.75,7952.25,402544.5,10457.0
2022,49,Need State 1,3625352.25,4795374.0,2022-12-05,324807.75,2246.25,316549.5,8183.0
2022,49,Need State 2,1102058.25,3331992.75,2022-12-05,469477.5,11385.0,336580.5,9928.0
2022,49,Need State 3,1645620.0,4218468.75,2022-12-05,313395.0,7677.75,404150.25,18599.0
2022,49,Need State 4,1003352.25,2067252.75,2022-12-05,441932.25,10074.75,252555.0,7460.0
2022,49,Need State 5,442544.25,922007.25,2022-12-05,42303.75,717.0,567624.75,9099.0
2022,49,Need State 6,3165899.25,3272988.75,2022-12-05,540969.0,7626.0,402544.5,10457.0
2022,50,Need State 1,3471038.25,4865055.0,2022-12-12,316959.0,1896.0,228326.25,6013.0
2022,50,Need State 2,1209084.0,3287280.75,2022-12-12,590160.75,8076.0,530332.5,8168.0
2022,50,Need State 3,1750675.5,4267512.75,2022-12-12,405828.75,4029.0,397554.75,6722.0
2022,50,Need State 4,830849.25,2041471.5,2022-12-12,475593.75,7985.25,507743.25,18565.0
2022,50,Need State 5,407373.75,908010.0,2022-12-12,52988.25,498.0,207589.5,8852.0
2022,50,Need State 6,2837478.0,3338643.0,2022-12-12,584413.5,6060.75,402544.5,10457.0
2022,51,Need State 1,3183523.5,5007082.5,2022-12-19,361508.25,2421.0,221402.25,18315.0
2022,51,Need State 2,1025874.0,3043881.75,2022-12-19,613407.75,14489.25,455372.25,15797.0
2022,51,Need State 3,1733886.0,4136390.25,2022-12-19,382609.5,9322.5,354156.75,1525.0
2022,51,Need State 4,827518.5,2099023.5,2022-12-19,422003.25,6142.5,481603.5,4349.0
2022,51,Need State 5,419194.5,900613.5,2022-12-19,66698.25,795.75,279925.5,15504.0
2022,51,Need State 6,2421537.0,3229501.5,2022-12-19,581396.25,5622.75,402544.5,10457.0
2022,52,Need State 1,3028526.25,4985010.75,2022-12-26,405971.25,6521.25,145563.75,12841.0
2022,52,Need State 2,1076429.25,2886888.0,2022-12-26,570708.75,6521.25,525502.5,6374.0
2022,52,Need State 3,1668416.25,4010820.75,2022-12-26,364111.5,6521.25,371010.75,18636.0
2022,52,Need State 4,773016.0,2134194.0,2022-12-26,351908.25,6521.25,347997.0,5033.0
2022,52,Need State 5,434809.5,887407.5,2022-12-26,56187.0,6521.25,105966.0,17744.0
2022,52,Need State 6,2306871.0,3233525.25,2022-12-26,552392.25,6521.25,402544.5,10457.0
2023,1,Need State 1,2685176.25,4910420.25,2023-01-02,372921.75,2919.75,230725.5,5753.0
2023,1,Need State 2,1146417.0,2801016.75,2023-01-02,354576.0,7142.25,355815.0,11864.0
2023,1,Need State 3,1968624.0,4040217.75,2023-01-02,306138.0,8040.0,323960.25,5476.0
2023,1,Need State 4,904818.75,2166131.25,2023-01-02,424666.5,8859.75,317171.25,12584.0
2023,1,Need State 5,397647.0,871163.25,2023-01-02,89032.5,937.5,212403.0,2225.0
2023,1,Need State 6,1933833.75,3069187.5,2023-01-02,501529.5,6349.5,402544.5,10457.0
2023,2,Need State 1,2561793.0,5006653.5,2023-01-09,357329.25,2760.75,402216.75,2909.0
2023,2,Need State 2,1058606.25,3000030.0,2023-01-09,403224.75,7864.5,304145.25,8033.0
2023,2,Need State 3,2008068.75,3970191.75,2023-01-09,419254.5,5007.75,309346.5,4680.0
2023,2,Need State 4,740275.5,2126724.75,2023-01-09,443360.25,8436.0,275616.0,10693.0
2023,2,Need State 5,397470.75,850779.75,2023-01-09,62028.0,875.25,591490.5,16606.0
2023,2,Need State 6,2018610.0,3040745.25,2023-01-09,509521.5,5749.5,402544.5,10457.0
2023,3,Need State 1,2429256.0,5026343.25,2023-01-16,352571.25,2525.25,227010.0,15668.0
2023,3,Need State 2,1053596.25,2974675.5,2023-01-16,375645.75,8031.0,332245.5,847.0
2023,3,Need State 3,1919332.5,3895132.5,2023-01-16,301220.25,5653.5,340034.25,5202.0
2023,3,Need State 4,848645.25,2109055.5,2023-01-16,430446.0,7923.75,759098.25,12939.0
2023,3,Need State 5,367659.0,847217.25,2023-01-16,64474.5,1019.25,509800.5,19436.0
2023,3,Need State 6,1839330.75,2930940.0,2023-01-16,446024.25,5434.5,402544.5,10457.0
2023,4,Need State 1,2412513.0,4955513.25,2023-01-23,331310.25,3274.5,660403.5,3775.0
2023,4,Need State 2,1078356.0,2832075.75,2023-01-23,370831.5,14619.75,718207.5,2935.0
2023,4,Need State 3,1830279.0,3760122.75,2023-01-23,351375.75,6666.75,435669.0,10209.0
2023,4,Need State 4,909053.25,1976418.75,2023-01-23,345584.25,17929.5,354993.0,12465.0
2023,4,Need State 5,449280.75,818187.0,2023-01-23,66874.5,1093.5,457559.25,14866.0
2023,4,Need State 6,1751251.5,2863371.0,2023-01-23,457716.0,12224.25,402544.5,10457.0
2023,5,Need State 1,2492638.5,4900383.75,2023-01-30,383741.25,2631.0,216312.75,14321.0
2023,5,Need State 2,1141356.75,2697529.5,2023-01-30,438576.75,11294.25,282531.75,1554.0
2023,5,Need State 3,1676644.5,3825588.75,2023-01-30,324630.0,6546.75,320430.75,7196.0
2023,5,Need State 4,842921.25,1948036.5,2023-01-30,563610.0,9504.75,405148.5,9551.0
2023,5,Need State 5,589465.5,802232.25,2023-01-30,66686.25,2187.0,512340.75,5160.0
2023,5,Need State 6,2009590.5,2746979.25,2023-01-30,527733.75,6025.5,402544.5,10457.0
2023,6,Need State 1,2230342.5,5088563.25,2023-02-06,307953.75,2621.25,470031.75,3752.0
2023,6,Need State 2,1097309.25,2796938.25,2023-02-06,412379.25,6878.25,447660.75,3008.0
2023,6,Need State 3,1651904.25,4093663.5,2023-02-06,361350.0,5243.25,511701.0,17276.0
2023,6,Need State 4,789990.0,2087362.5,2023-02-06,348691.5,8709.0,499875.0,16874.0
2023,6,Need State 5,909300.0,825597.0,2023-02-06,78102.75,4014.75,317072.25,11604.0
2023,6,Need State 6,2030033.25,2798814.0,2023-02-06,402555.75,6106.5,402544.5,10457.0
2023,7,Need State 1,2440125.75,5251161.75,2023-02-13,318695.25,2297.25,970320.75,3968.0
2023,7,Need State 2,1166010.0,2784809.25,2023-02-13,342176.25,7881.75,524059.5,14638.0
2023,7,Need State 3,1812268.5,4045340.25,2023-02-13,327872.25,7605.75,313763.25,7966.0
2023,7,Need State 4,896537.25,2217171.0,2023-02-13,428863.5,7854.0,417354.75,15719.0
2023,7,Need State 5,890652.0,847074.0,2023-02-13,141602.25,2139.75,247135.5,9881.0
2023,7,Need State 6,1815568.5,2821093.5,2023-02-13,458151.0,5668.5,402544.5,10457.0
2023,8,Need State 1,2501891.25,5243783.25,2023-02-20,324699.75,2717.25,675896.25,2071.0
2023,8,Need State 2,1150257.75,2768440.5,2023-02-20,416317.5,7542.0,273267.75,6183.0
2023,8,Need State 3,1771330.5,3939936.0,2023-02-20,370796.25,5856.0,193104.75,13685.0
2023,8,Need State 4,948733.5,2139426.0,2023-02-20,384984.75,9372.75,266517.75,2409.0
2023,8,Need State 5,692556.0,802491.75,2023-02-20,66030.75,1893.0,277707.0,8878.0
2023,8,Need State 6,1580766.75,2697485.25,2023-02-20,363480.0,6065.25,402544.5,10457.0
2023,9,Need State 1,3217599.75,5384493.75,2023-02-27,316498.5,3062.25,490109.25,9207.0
2023,9,Need State 2,973191.0,3038168.25,2023-02-27,399917.25,8510.25,261685.5,8043.0
2023,9,Need State 3,1758748.5,4254617.25,2023-02-27,309635.25,7410.0,145835.25,16806.0
2023,9,Need State 4,777046.5,2053258.5,2023-02-27,411399.0,8770.5,347949.75,15356.0
2023,9,Need State 5,694999.5,1054866.0,2023-02-27,72634.5,3548.25,1066735.5,1764.0
2023,9,Need State 6,1548116.25,2876903.25,2023-02-27,454386.0,5964.75,402544.5,10457.0
2023,10,Need State 1,3518763.75,5390856.75,2023-03-06,338994.75,2283.75,491008.5,8276.0
2023,10,Need State 2,1151317.5,3083718.75,2023-03-06,520320.0,8500.5,592058.25,3854.0
2023,10,Need State 3,1657672.5,4260697.5,2023-03-06,367994.25,5521.5,138671.25,5227.0
2023,10,Need State 4,913407.0,2038203.75,2023-03-06,430935.75,8442.0,399438.0,16018.0
2023,10,Need State 5,1021075.5,1045353.0,2023-03-06,124755.75,1425.75,1108142.25,8803.0
2023,10,Need State 6,2560869.0,2827509.0,2023-03-06,364653.75,5513.25,402544.5,10457.0
2023,11,Need State 1,3397206.0,5571762.0,2023-03-13,331202.25,3463.5,308736.0,4348.0
2023,11,Need State 2,1108060.5,2977509.0,2023-03-13,396754.5,8667.75,129294.0,10779.0
2023,11,Need State 3,1476519.0,4225311.0,2023-03-13,285425.25,7584.75,163649.25,19917.0
2023,11,Need State 4,838152.0,1970043.0,2023-03-13,409077.75,9414.75,335752.5,4175.0
2023,11,Need State 5,1064807.25,1064654.25,2023-03-13,75292.5,2628.75,547003.5,16816.0
2023,11,Need State 6,2658912.75,2931255.0,2023-03-13,405682.5,6131.25,402544.5,10457.0
2023,12,Need State 1,2698265.25,5648067.0,2023-03-20,392841.0,2735.25,1049037.75,15176.0
2023,12,Need State 2,1129199.25,2981382.0,2023-03-20,450873.75,6966.0,621302.25,19843.0
2023,12,Need State 3,1425175.5,4231951.5,2023-03-20,331062.75,5775.75,218181.75,13690.0
2023,12,Need State 4,859779.0,1948406.25,2023-03-20,387983.25,8088.0,453015.75,2156.0
2023,12,Need State 5,2111475.75,1118236.5,2023-03-20,85533.0,2742.0,791797.5,7584.0
2023,12,Need State 6,2168091.75,3273117.0,2023-03-20,536372.25,5236.5,402544.5,10457.0
2023,13,Need State 1,3158437.5,6180496.5,2023-03-27,415261.5,3575.25,645898.5,8510.0
2023,13,Need State 2,1267627.5,2941261.5,2023-03-27,377766.75,8259.0,514803.0,19304.0
2023,13,Need State 3,1428066.75,4152274.5,2023-03-27,293667.75,4848.0,385325.25,19307.0
2023,13,Need State 4,822052.5,1962693.75,2023-03-27,414111.75,7207.5,466305.0,1097.0
2023,13,Need State 5,2072829.0,1645695.0,2023-03-27,137568.0,2496.75,700515.75,6450.0
2023,13,Need State 6,2234192.25,3660209.25,2023-03-27,480694.5,5472.75,402544.5,10457.0
2023,14,Need State 1,3855705.0,6094402.5,2023-04-03,446516.25,2765.25,1002380.25,15391.0
2023,14,Need State 2,1291778.25,2901647.25,2023-04-03,411349.5,6927.75,257869.5,5337.0
2023,14,Need State 3,1456476.75,4103604.0,2023-04-03,304743.0,4256.25,194237.25,9178.0
2023,14,Need State 4,854073.0,1923116.25,2023-04-03,392545.5,6756.0,285252.75,16289.0
2023,14,Need State 5,2560203.75,1824270.0,2023-04-03,103520.25,7094.25,162457.5,2378.0
2023,14,Need State 6,2343484.5,3675897.75,2023-04-03,530727.75,4804.5,402544.5,10457.0
2023,15,Need State 1,5030837.25,6053844.75,2023-04-10,509654.25,4332.0,1767828.75,16705.0
2023,15,Need State 2,1089825.0,3007368.0,2023-04-10,348357.0,9660.75,517135.5,7096.0
2023,15,Need State 3,1494264.0,4040763.75,2023-04-10,243654.75,8676.75,359034.0,9614.0
2023,15,Need State 4,881612.25,2040567.0,2023-04-10,415935.0,10069.5,421256.25,5464.0
2023,15,Need State 5,2159019.75,3129303.75,2023-04-10,314976.75,6849.75,1151739.0,14354.0
2023,15,Need State 6,2573414.25,3649539.75,2023-04-10,488230.5,8177.25,402544.5,10457.0
2023,16,Need State 1,4238141.25,6152012.25,2023-04-17,604993.5,4167.75,176432.25,13521.0
2023,16,Need State 2,1045601.25,3201684.0,2023-04-17,419491.5,8663.25,394596.0,12679.0
2023,16,Need State 3,1431959.25,3990035.25,2023-04-17,358572.0,6813.75,336595.5,16725.0
2023,16,Need State 4,782655.75,1954765.5,2023-04-17,414772.5,9841.5,367767.75,2623.0
2023,16,Need State 5,2117635.5,3420489.75,2023-04-17,271800.0,5802.0,840242.25,9439.0
2023,16,Need State 6,2983295.25,3777342.0,2023-04-17,608992.5,7598.25,402544.5,10457.0
2023,17,Need State 1,3847645.5,6788016.75,2023-04-24,677659.5,4409.25,269017.5,15707.0
2023,17,Need State 2,933551.25,3304561.5,2023-04-24,409578.0,8235.0,289171.5,1855.0
2023,17,Need State 3,1569234.75,4029068.25,2023-04-24,290220.0,6177.75,483687.0,15710.0
2023,17,Need State 4,765595.5,1935546.75,2023-04-24,446573.25,7993.5,368679.75,3173.0
2023,17,Need State 5,2152863.75,3359925.0,2023-04-24,322632.0,4909.5,787181.25,8923.0
2023,17,Need State 6,2629606.5,3767298.0,2023-04-24,564209.25,7570.5,402544.5,10457.0
2023,18,Need State 1,3618423.0,6619290.0,2023-05-01,607311.0,5298.75,206453.25,15438.0
2023,18,Need State 2,1016901.0,3289032.75,2023-05-01,388634.25,7530.75,416315.25,5383.0
2023,18,Need State 3,1763937.75,4136326.5,2023-05-01,334182.75,6449.25,472200.0,19529.0
2023,18,Need State 4,890931.75,1913772.0,2023-05-01,402546.75,7897.5,413159.25,6819.0
2023,18,Need State 5,2732151.0,3216064.5,2023-05-01,274773.0,7177.5,351789.0,1318.0
2023,18,Need State 6,2783209.5,4032750.0,2023-05-01,559329.0,7011.75,402544.5,10457.0
2023,19,Need State 1,3430333.5,6432805.5,2023-05-08,756333.0,6633.75,390882.75,13488.0
2023,19,Need State 2,913278.75,3264470.25,2023-05-08,359190.0,9257.25,464193.0,18718.0
2023,19,Need State 3,1689355.5,4042740.0,2023-05-08,281482.5,6885.75,327549.75,13302.0
2023,19,Need State 4,785277.75,1879980.0,2023-05-08,397827.0,8042.25,458248.5,7647.0
2023,19,Need State 5,3832422.0,3197670.75,2023-05-08,473654.25,8891.25,481986.75,3872.0
2023,19,Need State 6,2710388.25,3939514.5,2023-05-08,562097.25,8346.0,402544.5,10457.0
2023,20,Need State 1,3674338.5,6110029.5,2023-05-15,917866.5,5106.0,1487977.5,15138.0
2023,20,Need State 2,1048827.0,3289570.5,2023-05-15,454953.75,5958.75,375784.5,1998.0
2023,20,Need State 3,1359511.5,4089228.0,2023-05-15,334521.75,5414.25,217059.75,12886.0
2023,20,Need State 4,730473.75,1909666.5,2023-05-15,401926.5,7575.75,291272.25,8351.0
2023,20,Need State 5,3488066.25,2999379.0,2023-05-15,501765.0,11021.25,203718.0,13898.0
2023,20,Need State 6,2288479.5,3891006.75,2023-05-15,650018.25,7911.0,402544.5,10457.0
2023,21,Need State 1,3849968.25,5903399.25,2023-05-22,766143.75,6156.0,698655.75,17033.0
2023,21,Need State 2,910810.5,3201299.25,2023-05-22,328719.75,9289.5,361045.5,9994.0
2023,21,Need State 3,1303293.0,4389885.0,2023-05-22,269499.75,6283.5,276441.0,5937.0
2023,21,Need State 4,639576.75,1926390.0,2023-05-22,396840.0,8646.0,364135.5,17745.0
2023,21,Need State 5,2868719.25,2870152.5,2023-05-22,470071.5,5580.75,638432.25,13669.0
2023,21,Need State 6,1974603.75,3997932.75,2023-05-22,633448.5,7395.0,402544.5,10457.0
2023,22,Need State 1,3583233.75,5852058.75,2023-05-29,795881.25,6244.5,746046.75,1639.0
2023,22,Need State 2,1030058.25,3198989.25,2023-05-29,476118.0,7449.0,437103.0,8282.0
2023,22,Need State 3,1432830.75,4318233.75,2023-05-29,333930.75,6373.5,278223.75,9421.0
2023,22,Need State 4,688359.75,1881789.75,2023-05-29,387147.0,8259.75,386433.75,6231.0
2023,22,Need State 5,3174200.25,3235680.75,2023-05-29,421236.75,10229.25,306576.0,11709.0
2023,22,Need State 6,2111937.0,3787126.5,2023-05-29,594639.75,7970.25,402544.5,10457.0
2023,23,Need State 1,3596845.5,5992884.75,2023-06-05,807651.0,7345.5,999733.5,6824.0
2023,23,Need State 2,945119.25,3145630.5,2023-06-05,384534.75,7594.5,400559.25,18878.0
2023,23,Need State 3,1321146.0,4227395.25,2023-06-05,292230.75,8634.0,216627.75,4078.0
2023,23,Need State 4,702827.25,1871404.5,2023-06-05,415022.25,7887.75,553309.5,6520.0
2023,23,Need State 5,3005011.5,3053439.75,2023-06-05,459377.25,4476.75,325687.5,15664.0
2023,23,Need State 6,1786518.75,3656977.5,2023-06-05,645783.75,6733.5,402544.5,10457.0
2023,24,Need State 1,2982873.0,5929123.5,2023-06-12,641279.25,4947.75,531712.5,4180.0
2023,24,Need State 2,906209.25,3200705.25,2023-06-12,402104.25,6601.5,248578.5,6186.0
2023,24,Need State 3,1280101.5,4204266.0,2023-06-12,376217.25,7368.75,244434.0,16016.0
2023,24,Need State 4,797844.75,1874183.25,2023-06-12,427945.5,6587.25,288504.0,17414.0
2023,24,Need State 5,2925531.0,2989061.25,2023-06-12,229480.5,3870.75,1348201.5,18015.0
2023,24,Need State 6,1386597.75,3607308.75,2023-06-12,531115.5,6722.25,402544.5,10457.0
2023,25,Need State 1,2719136.25,6273795.75,2023-06-19,742467.0,5104.5,377751.0,1768.0
2023,25,Need State 2,824258.25,3178018.5,2023-06-19,329693.25,6876.75,384285.75,18200.0
2023,25,Need State 3,1244274.0,4104301.5,2023-06-19,294372.75,7879.5,635149.5,18991.0
2023,25,Need State 4,534352.5,1920629.25,2023-06-19,356530.5,6353.25,423143.25,10627.0
2023,25,Need State 5,2823924.0,3015936.75,2023-06-19,223968.0,8675.25,562329.75,6115.0
2023,25,Need State 6,1949538.0,3740592.0,2023-06-19,607638.75,7122.0,402544.5,10457.0
2023,26,Need State 1,2796876.75,6259001.25,2023-06-26,651739.5,5976.75,250761.0,4944.0
2023,26,Need State 2,885282.75,3141670.5,2023-06-26,365973.75,5448.75,396233.25,13853.0
2023,26,Need State 3,1558986.0,4079300.25,2023-06-26,345997.5,4768.5,495052.5,8154.0
2023,26,Need State 4,717048.75,1901064.75,2023-06-26,383082.0,7467.0,365324.25,8637.0
2023,26,Need State 5,2585373.75,3000201.0,2023-06-26,367922.25,7122.0,355639.5,3126.0
2023,26,Need State 6,1763100.0,3776910.0,2023-06-26,651807.0,7708.5,402544.5,10457.0
2023,27,Need State 1,3023767.5,6118750.5,2023-07-03,612801.0,3849.75,1204352.25,19109.0
2023,27,Need State 2,905992.5,3072729.75,2023-07-03,348327.0,8272.5,282381.0,18549.0
2023,27,Need State 3,1835859.75,4000703.25,2023-07-03,284214.75,7866.0,298498.5,553.0
2023,27,Need State 4,674379.0,1827056.25,2023-07-03,392626.5,7537.5,278976.0,17279.0
2023,27,Need State 5,2379864.0,2928231.0,2023-07-03,567182.25,7592.25,588289.5,13896.0
2023,27,Need State 6,1697682.75,3707270.25,2023-07-03,679577.25,7256.25,402544.5,10457.0
2023,28,Need State 1,3168278.25,6047895.0,2023-07-10,583380.0,3991.5,367971.0,5981.0
2023,28,Need State 2,891232.5,3050556.0,2023-07-10,396051.75,6987.75,472785.0,934.0
2023,28,Need State 3,1212879.0,4021671.75,2023-07-10,334276.5,6985.5,344888.25,4181.0
2023,28,Need State 4,676046.25,1811348.25,2023-07-10,402841.5,6676.5,452683.5,13416.0
2023,28,Need State 5,2156871.0,2591512.5,2023-07-10,350797.5,3705.0,571829.25,11442.0
2023,28,Need State 6,1617044.25,3627236.25,2023-07-10,745095.0,8790.75,402544.5,10457.0
2023,29,Need State 1,2650710.0,5961830.25,2023-07-17,517752.0,3461.25,868491.75,1010.0
2023,29,Need State 2,869301.75,3004700.25,2023-07-17,358400.25,5758.5,386856.75,15175.0
2023,29,Need State 3,1250692.5,4552430.25,2023-07-17,330488.25,7682.25,351816.75,13121.0
2023,29,Need State 4,689622.0,1833916.5,2023-07-17,392454.0,7437.0,458682.0,10627.0
2023,29,Need State 5,2092743.0,2560828.5,2023-07-17,322473.0,3881.25,613476.75,9603.0
2023,29,Need State 6,1132342.5,3702616.5,2023-07-17,674622.75,8167.5,402544.5,10457.0
2023,30,Need State 1,3139342.5,6084506.25,2023-07-24,538866.75,3765.75,770667.0,12629.0
2023,30,Need State 2,827696.25,3030429.0,2023-07-24,349249.5,7765.5,602944.5,3156.0
2023,30,Need State 3,1354209.0,4498290.0,2023-07-24,332345.25,6594.75,543558.0,19118.0
2023,30,Need State 4,697680.75,1801557.0,2023-07-24,384915.0,7371.0,445416.75,15498.0
2023,30,Need State 5,1943230.5,2424017.25,2023-07-24,234322.5,5003.25,547067.25,11066.0
2023,30,Need State 6,1141673.25,3720034.5,2023-07-24,707812.5,8322.75,402544.5,10457.0
2023,31,Need State 1,3175792.5,5911157.25,2023-07-31,507602.25,2844.0,557550.75,3259.0
2023,31,Need State 2,1013453.25,3099784.5,2023-07-31,393296.25,6812.25,392298.75,19389.0
2023,31,Need State 3,1551147.75,4378878.0,2023-07-31,339026.25,6403.5,406000.5,18497.0
2023,31,Need State 4,818582.25,1801709.25,2023-07-31,457410.0,7686.0,556152.75,17042.0
2023,31,Need State 5,1833880.5,2335992.0,2023-07-31,325967.25,4181.25,360810.0,13210.0
2023,31,Need State 6,924150.0,3634200.0,2023-07-31,748389.0,6112.5,402544.5,10457.0
2023,32,Need State 1,2821797.75,5842101.0,2023-08-07,465302.25,3442.5,483608.25,16012.0
2023,32,Need State 2,823203.0,3127488.75,2023-08-07,362776.5,5285.25,282449.25,7081.0
2023,32,Need State 3,1093608.0,4335534.0,2023-08-07,335833.5,5403.75,215514.0,1857.0
2023,32,Need State 4,686121.75,1771965.75,2023-08-07,422901.0,7364.25,289188.75,13673.0
2023,32,Need State 5,1731748.5,2165239.5,2023-08-07,196348.5,2303.25,714004.5,17362.0
2023,32,Need State 6,921566.25,3503353.5,2023-08-07,597834.0,7658.25,402544.5,10457.0
2023,33,Need State 1,2643208.5,6276078.0,2023-08-14,541957.5,4605.0,433434.0,7969.0
2023,33,Need State 2,811423.5,3365649.75,2023-08-14,346780.5,7611.75,259446.75,10631.0
2023,33,Need State 3,1091835.75,4851850.5,2023-08-14,298444.5,8136.0,217524.75,5264.0
2023,33,Need State 4,682984.5,1837731.75,2023-08-14,408390.75,8100.0,464343.0,4987.0
2023,33,Need State 5,1649125.5,2146356.75,2023-08-14,203193.0,2762.25,1046736.0,11985.0
2023,33,Need State 6,913493.25,3508635.0,2023-08-14,597742.5,6474.75,402544.5,10457.0
2023,34,Need State 1,2648890.5,6414123.0,2023-08-21,606539.25,3937.5,724118.25,12031.0
2023,34,Need State 2,804647.25,3359758.5,2023-08-21,432546.0,4529.25,877786.5,2287.0
2023,34,Need State 3,1087815.75,4776393.0,2023-08-21,360573.75,4803.75,512045.25,2838.0
2023,34,Need State 4,753938.25,1993696.5,2023-08-21,445827.0,9905.25,644532.75,5168.0
2023,34,Need State 5,1592987.25,2009585.25,2023-08-21,121110.0,1339.5,532166.25,10136.0
2023,34,Need State 6,1167948.0,3622168.5,2023-08-21,550413.75,6815.25,402544.5,10457.0
2023,35,Need State 1,2479165.5,6547731.0,2023-08-28,634995.0,3063.75,330154.5,18593.0
2023,35,Need State 2,1156338.75,3317178.75,2023-08-28,335984.25,6837.75,535204.5,9717.0
2023,35,Need State 3,1306881.0,4692345.75,2023-08-28,284043.0,6606.0,385449.0,11765.0
2023,35,Need State 4,834726.75,1942001.25,2023-08-28,420930.75,7820.25,552603.0,5804.0
2023,35,Need State 5,1546667.25,1949164.5,2023-08-28,102096.75,2147.25,351393.0,9437.0
2023,35,Need State 6,1030852.5,3590436.75,2023-08-28,645942.0,6507.0,402544.5,10457.0
2023,36,Need State 1,2300062.5,6333866.25,2023-09-04,636396.0,2633.25,348156.75,8849.0
2023,36,Need State 2,1301664.75,3288483.0,2023-09-04,391353.0,7330.5,529875.75,13671.0
2023,36,Need State 3,1189347.75,4604033.25,2023-09-04,349973.25,4928.25,249826.5,7148.0
2023,36,Need State 4,751458.0,1954796.25,2023-09-04,389948.25,8358.75,212412.75,16060.0
2023,36,Need State 5,1517832.75,1905132.0,2023-09-04,131212.5,1051.5,491935.5,12835.0
2023,36,Need State 6,701696.25,3629950.5,2023-09-04,630081.0,6108.0,402544.5,10457.0
2023,37,Need State 1,2185227.0,6104029.5,2023-09-11,467595.0,2598.0,310632.0,13774.0
2023,37,Need State 2,1609150.5,3322784.25,2023-09-11,358837.5,6317.25,622177.5,3165.0
2023,37,Need State 3,1328611.5,4671575.25,2023-09-11,258033.75,4743.0,530941.5,11820.0
2023,37,Need State 4,755162.25,1997831.25,2023-09-11,435971.25,9430.5,438662.25,7707.0
2023,37,Need State 5,1501643.25,1794207.0,2023-09-11,54834.75,813.75,586676.25,13570.0
2023,37,Need State 6,724006.5,3502062.75,2023-09-11,517164.0,7057.5,402544.5,10457.0
2023,38,Need State 1,2169018.0,6068694.0,2023-09-18,449606.25,2917.5,456982.5,5617.0
2023,38,Need State 2,2515116.75,3394207.5,2023-09-18,402045.75,7203.0,570400.5,13279.0
2023,38,Need State 3,1380191.25,4693923.75,2023-09-18,288267.75,6272.25,355029.0,17354.0
2023,38,Need State 4,817476.75,2023952.25,2023-09-18,495011.25,7305.0,432406.5,18168.0
2023,38,Need State 5,1476577.5,1657944.0,2023-09-18,49947.75,663.75,492169.5,4730.0
2023,38,Need State 6,699891.0,3572568.75,2023-09-18,600510.75,5617.5,402544.5,10457.0
2023,39,Need State 1,2101831.5,5972203.5,2023-09-25,405447.75,3638.25,436667.25,8446.0
2023,39,Need State 2,2156817.0,3331006.5,2023-09-25,338208.0,6395.25,373893.75,16559.0
2023,39,Need State 3,1110234.75,4701059.25,2023-09-25,281512.5,6846.0,199078.5,18401.0
2023,39,Need State 4,750872.25,1918959.75,2023-09-25,417241.5,7388.25,460226.25,1454.0
2023,39,Need State 5,1426885.5,1442409.75,2023-09-25,43021.5,698.25,642145.5,5446.0
2023,39,Need State 6,631127.25,3481461.0,2023-09-25,526870.5,5651.25,402544.5,10457.0
2023,40,Need State 1,2196104.25,5952818.25,2023-10-02,456428.25,2469.0,356974.5,19765.0
2023,40,Need State 2,995430.75,3338073.75,2023-10-02,391362.0,6606.75,296038.5,6808.0
2023,40,Need State 3,1053929.25,4648060.5,2023-10-02,331614.0,5431.5,301844.25,12315.0
2023,40,Need State 4,681066.0,1958751.0,2023-10-02,417587.25,8591.25,359041.5,7796.0
2023,40,Need State 5,1386183.75,1373699.25,2023-10-02,57792.75,928.5,628323.75,3452.0
2023,40,Need State 6,787549.5,3506608.5,2023-10-02,572774.25,6583.5,402544.5,10457.0
2023,41,Need State 1,2191140.0,5903348.25,2023-10-09,338671.5,0.0,550887.0,2918.0
2023,41,Need State 2,1084670.25,4117591.5,2023-10-09,351225.75,0.0,221686.5,2361.0
2023,41,Need State 3,1180187.25,4954347.0,2023-10-09,271016.25,0.0,121078.5,15546.0
2023,41,Need State 4,737967.0,1948076.25,2023-10-09,418831.5,0.0,240855.75,7217.0
2023,41,Need State 5,1352883.75,1329480.75,2023-10-09,36111.0,0.0,600489.0,9652.0
2023,41,Need State 6,756188.25,3502093.5,2023-10-09,527268.0,0.0,402544.5,10457.0
2023,42,Need State 1,1351299.75,2890360.125,2023-10-09,0.0,0.0,905002.5,10743.0
2023,43,Need State 1,1351299.75,2890360.125,2023-10-09,0.0,0.0,196313.25,7823.0
2023,44,Need State 1,1351299.75,2890360.125,2023-10-09,0.0,0.0,402544.5,10457.0
2023,45,Need State 1,1351299.75,2890360.125,2023-10-09,0.0,0.0,402544.5,10457.0
2023,46,Need State 1,1351299.75,2890360.125,2023-10-09,0.0,0.0,0.0,19575.0
2023,47,Need State 1,1351299.75,2890360.125,2023-10-09,0.0,0.0,402544.5,10457.0
2023,48,Need State 1,1351299.75,2890360.125,2023-10-09,0.0,0.0,402544.5,10457.0
2023,49,Need State 1,1351299.75,2890360.125,2023-10-09,0.0,0.0,402544.5,10457.0
2023,50,Need State 1,1351299.75,2890360.125,2023-10-09,0.0,0.0,0.0,15705.0
2023,51,Need State 1,1351299.75,2890360.125,2023-10-09,0.0,0.0,402544.5,10457.0
2023,52,Need State 1,1351299.75,2890360.125,2023-10-09,0.0,6521.25,402544.5,10457.0
2023,42,Need State 2,1351299.75,2890360.125,2023-10-09,0.0,0.0,523613.25,15952.0
2023,43,Need State 2,1351299.75,2890360.125,2023-10-09,0.0,0.0,17168.25,19451.0
2023,44,Need State 2,1351299.75,2890360.125,2023-10-09,0.0,0.0,402544.5,10457.0
2023,45,Need State 2,1351299.75,2890360.125,2023-10-09,0.0,0.0,402544.5,10457.0
2023,46,Need State 2,1351299.75,2890360.125,2023-10-09,0.0,0.0,0.0,14362.0
2023,47,Need State 2,1351299.75,2890360.125,2023-10-09,0.0,0.0,402544.5,10457.0
2023,48,Need State 2,1351299.75,2890360.125,2023-10-09,0.0,0.0,402544.5,10457.0
2023,49,Need State 2,1351299.75,2890360.125,2023-10-09,0.0,0.0,402544.5,10457.0
2023,50,Need State 2,1351299.75,2890360.125,2023-10-09,0.0,0.0,0.0,4216.0
2023,51,Need State 2,1351299.75,2890360.125,2023-10-09,0.0,0.0,402544.5,10457.0
2023,52,Need State 2,1351299.75,2890360.125,2023-10-09,0.0,6521.25,402544.5,10457.0
2023,42,Need State 3,1351299.75,2890360.125,2023-10-09,0.0,0.0,377325.75,3993.0
2023,43,Need State 3,1351299.75,2890360.125,2023-10-09,0.0,0.0,19847.25,12462.0
2023,44,Need State 3,1351299.75,2890360.125,2023-10-09,0.0,0.0,402544.5,10457.0
2023,45,Need State 3,1351299.75,2890360.125,2023-10-09,0.0,0.0,402544.5,10457.0
2023,46,Need State 3,1351299.75,2890360.125,2023-10-09,0.0,0.0,0.0,12145.0
2023,47,Need State 3,1351299.75,2890360.125,2023-10-09,0.0,0.0,402544.5,10457.0
2023,48,Need State 3,1351299.75,2890360.125,2023-10-09,0.0,0.0,402544.5,10457.0
2023,49,Need State 3,1351299.75,2890360.125,2023-10-09,0.0,0.0,402544.5,10457.0
2023,50,Need State 3,1351299.75,2890360.125,2023-10-09,0.0,0.0,0.0,6644.0
2023,51,Need State 3,1351299.75,2890360.125,2023-10-09,0.0,0.0,402544.5,10457.0
2023,52,Need State 3,1351299.75,2890360.125,2023-10-09,0.0,6521.25,402544.5,10457.0
2023,42,Need State 4,1351299.75,2890360.125,2023-10-09,0.0,0.0,529374.75,6707.0
2023,43,Need State 4,1351299.75,2890360.125,2023-10-09,0.0,0.0,22635.0,1217.0
2023,44,Need State 4,1351299.75,2890360.125,2023-10-09,0.0,0.0,402544.5,10457.0
2023,45,Need State 4,1351299.75,2890360.125,2023-10-09,0.0,0.0,402544.5,10457.0
2023,46,Need State 4,1351299.75,2890360.125,2023-10-09,0.0,0.0,0.0,16973.0
2023,47,Need State 4,1351299.75,2890360.125,2023-10-09,0.0,0.0,402544.5,10457.0
2023,48,Need State 4,1351299.75,2890360.125,2023-10-09,0.0,0.0,402544.5,10457.0
2023,49,Need State 4,1351299.75,2890360.125,2023-10-09,0.0,0.0,402544.5,10457.0
2023,50,Need State 4,1351299.75,2890360.125,2023-10-09,0.0,0.0,0.0,2088.0
2023,51,Need State 4,1351299.75,2890360.125,2023-10-09,0.0,0.0,402544.5,10457.0
2023,52,Need State 4,1351299.75,2890360.125,2023-10-09,0.0,6521.25,402544.5,10457.0
2023,42,Need State 5,1351299.75,2890360.125,2023-10-09,0.0,0.0,1061086.5,17320.0
2023,43,Need State 5,1351299.75,2890360.125,2023-10-09,0.0,0.0,73047.0,4638.0
2023,44,Need State 5,1351299.75,2890360.125,2023-10-09,0.0,0.0,402544.5,10457.0
2023,45,Need State 5,1351299.75,2890360.125,2023-10-09,0.0,0.0,402544.5,10457.0
2023,46,Need State 5,1351299.75,2890360.125,2023-10-09,0.0,0.0,0.0,575.0
2023,47,Need State 5,1351299.75,2890360.125,2023-10-09,0.0,0.0,402544.5,10457.0
2023,48,Need State 5,1351299.75,2890360.125,2023-10-09,0.0,0.0,402544.5,10457.0
2023,49,Need State 5,1351299.75,2890360.125,2023-10-09,0.0,0.0,402544.5,10457.0
2023,50,Need State 5,1351299.75,2890360.125,2023-10-09,0.0,0.0,0.0,538.0
2023,51,Need State 5,1351299.75,2890360.125,2023-10-09,0.0,0.0,402544.5,10457.0
2023,52,Need State 5,1351299.75,2890360.125,2023-10-09,0.0,6521.25,402544.5,10457.0
2023,42,Need State 6,1351299.75,2890360.125,2023-10-09,0.0,0.0,402544.5,10457.0
2023,43,Need State 6,1351299.75,2890360.125,2023-10-09,0.0,0.0,402544.5,10457.0
2023,44,Need State 6,1351299.75,2890360.125,2023-10-09,0.0,0.0,402544.5,10457.0
2023,45,Need State 6,1351299.75,2890360.125,2023-10-09,0.0,0.0,402544.5,10457.0
2023,46,Need State 6,1351299.75,2890360.125,2023-10-09,0.0,0.0,402544.5,10457.0
2023,47,Need State 6,1351299.75,2890360.125,2023-10-09,0.0,0.0,402544.5,10457.0
2023,48,Need State 6,1351299.75,2890360.125,2023-10-09,0.0,0.0,402544.5,10457.0
2023,49,Need State 6,1351299.75,2890360.125,2023-10-09,0.0,0.0,402544.5,10457.0
2023,50,Need State 6,1351299.75,2890360.125,2023-10-09,0.0,0.0,402544.5,10457.0
2023,51,Need State 6,1351299.75,2890360.125,2023-10-09,0.0,0.0,402544.5,10457.0
2023,52,Need State 6,1351299.75,2890360.125,2023-10-09,0.0,6521.25,402544.5,10457.0
